graph,community_id,node_id,node_type,label
user_user_friendship,1,user_1457,user,
user_user_friendship,1,user_2033,user,
user_user_friendship,1,user_1304,user,
user_user_friendship,1,user_75,user,
user_user_friendship,1,user_326,user,
user_user_friendship,1,user_335,user,
user_user_friendship,1,user_1215,user,
user_user_friendship,1,user_1765,user,
user_user_friendship,1,user_162,user,
user_user_friendship,1,user_1873,user,
user_user_friendship,1,user_1054,user,
user_user_friendship,1,user_1263,user,
user_user_friendship,1,user_1808,user,
user_user_friendship,1,user_1261,user,
user_user_friendship,1,user_1007,user,
user_user_friendship,1,user_1908,user,
user_user_friendship,1,user_1186,user,
user_user_friendship,1,user_1687,user,
user_user_friendship,1,user_2071,user,
user_user_friendship,1,user_1365,user,
user_user_friendship,1,user_1069,user,
user_user_friendship,1,user_995,user,
user_user_friendship,1,user_1563,user,
user_user_friendship,1,user_1063,user,
user_user_friendship,1,user_247,user,
user_user_friendship,1,user_545,user,
user_user_friendship,1,user_609,user,
user_user_friendship,1,user_849,user,
user_user_friendship,1,user_412,user,
user_user_friendship,1,user_966,user,
user_user_friendship,1,user_95,user,
user_user_friendship,1,user_1532,user,
user_user_friendship,1,user_315,user,
user_user_friendship,1,user_1143,user,
user_user_friendship,1,user_472,user,
user_user_friendship,1,user_1049,user,
user_user_friendship,1,user_1632,user,
user_user_friendship,1,user_1590,user,
user_user_friendship,1,user_1478,user,
user_user_friendship,1,user_806,user,
user_user_friendship,1,user_223,user,
user_user_friendship,1,user_21,user,
user_user_friendship,1,user_1462,user,
user_user_friendship,1,user_330,user,
user_user_friendship,1,user_1665,user,
user_user_friendship,1,user_530,user,
user_user_friendship,1,user_233,user,
user_user_friendship,1,user_1552,user,
user_user_friendship,1,user_2068,user,
user_user_friendship,1,user_1379,user,
user_user_friendship,1,user_659,user,
user_user_friendship,1,user_830,user,
user_user_friendship,1,user_350,user,
user_user_friendship,1,user_1253,user,
user_user_friendship,1,user_942,user,
user_user_friendship,1,user_1197,user,
user_user_friendship,1,user_242,user,
user_user_friendship,1,user_969,user,
user_user_friendship,1,user_1564,user,
user_user_friendship,1,user_1591,user,
user_user_friendship,1,user_1434,user,
user_user_friendship,1,user_1226,user,
user_user_friendship,1,user_555,user,
user_user_friendship,1,user_346,user,
user_user_friendship,1,user_209,user,
user_user_friendship,1,user_770,user,
user_user_friendship,1,user_305,user,
user_user_friendship,1,user_497,user,
user_user_friendship,1,user_1659,user,
user_user_friendship,1,user_543,user,
user_user_friendship,1,user_133,user,
user_user_friendship,1,user_1928,user,
user_user_friendship,1,user_1605,user,
user_user_friendship,1,user_1568,user,
user_user_friendship,1,user_862,user,
user_user_friendship,1,user_1678,user,
user_user_friendship,1,user_409,user,
user_user_friendship,1,user_271,user,
user_user_friendship,1,user_809,user,
user_user_friendship,1,user_331,user,
user_user_friendship,1,user_1381,user,
user_user_friendship,1,user_1222,user,
user_user_friendship,1,user_1973,user,
user_user_friendship,1,user_1690,user,
user_user_friendship,1,user_132,user,
user_user_friendship,1,user_1057,user,
user_user_friendship,1,user_1752,user,
user_user_friendship,1,user_1106,user,
user_user_friendship,1,user_1373,user,
user_user_friendship,1,user_2018,user,
user_user_friendship,1,user_134,user,
user_user_friendship,1,user_571,user,
user_user_friendship,1,user_361,user,
user_user_friendship,1,user_569,user,
user_user_friendship,1,user_1465,user,
user_user_friendship,1,user_332,user,
user_user_friendship,1,user_1006,user,
user_user_friendship,1,user_1056,user,
user_user_friendship,1,user_186,user,
user_user_friendship,1,user_501,user,
user_user_friendship,1,user_2022,user,
user_user_friendship,1,user_1838,user,
user_user_friendship,1,user_1788,user,
user_user_friendship,1,user_370,user,
user_user_friendship,1,user_1988,user,
user_user_friendship,1,user_1219,user,
user_user_friendship,1,user_1262,user,
user_user_friendship,1,user_2039,user,
user_user_friendship,1,user_61,user,
user_user_friendship,1,user_1294,user,
user_user_friendship,1,user_1102,user,
user_user_friendship,1,user_286,user,
user_user_friendship,1,user_1521,user,
user_user_friendship,1,user_1394,user,
user_user_friendship,1,user_8,user,
user_user_friendship,1,user_104,user,
user_user_friendship,1,user_328,user,
user_user_friendship,1,user_1026,user,
user_user_friendship,1,user_2021,user,
user_user_friendship,1,user_311,user,
user_user_friendship,1,user_927,user,
user_user_friendship,1,user_1567,user,
user_user_friendship,1,user_1736,user,
user_user_friendship,1,user_498,user,
user_user_friendship,1,user_1828,user,
user_user_friendship,1,user_1290,user,
user_user_friendship,1,user_503,user,
user_user_friendship,1,user_495,user,
user_user_friendship,1,user_54,user,
user_user_friendship,1,user_671,user,
user_user_friendship,1,user_1608,user,
user_user_friendship,1,user_885,user,
user_user_friendship,1,user_1471,user,
user_user_friendship,1,user_689,user,
user_user_friendship,1,user_1435,user,
user_user_friendship,1,user_590,user,
user_user_friendship,1,user_414,user,
user_user_friendship,1,user_982,user,
user_user_friendship,1,user_126,user,
user_user_friendship,1,user_1136,user,
user_user_friendship,1,user_1850,user,
user_user_friendship,1,user_456,user,
user_user_friendship,1,user_252,user,
user_user_friendship,1,user_136,user,
user_user_friendship,1,user_243,user,
user_user_friendship,1,user_1790,user,
user_user_friendship,1,user_1109,user,
user_user_friendship,1,user_314,user,
user_user_friendship,1,user_808,user,
user_user_friendship,1,user_898,user,
user_user_friendship,1,user_1791,user,
user_user_friendship,1,user_1683,user,
user_user_friendship,1,user_1965,user,
user_user_friendship,1,user_1663,user,
user_user_friendship,1,user_488,user,
user_user_friendship,1,user_917,user,
user_user_friendship,1,user_641,user,
user_user_friendship,1,user_2084,user,
user_user_friendship,1,user_1813,user,
user_user_friendship,1,user_425,user,
user_user_friendship,1,user_147,user,
user_user_friendship,1,user_713,user,
user_user_friendship,1,user_703,user,
user_user_friendship,1,user_490,user,
user_user_friendship,1,user_220,user,
user_user_friendship,1,user_1137,user,
user_user_friendship,1,user_1832,user,
user_user_friendship,1,user_851,user,
user_user_friendship,1,user_89,user,
user_user_friendship,1,user_1658,user,
user_user_friendship,1,user_1198,user,
user_user_friendship,1,user_2087,user,
user_user_friendship,1,user_253,user,
user_user_friendship,1,user_145,user,
user_user_friendship,1,user_804,user,
user_user_friendship,1,user_1560,user,
user_user_friendship,1,user_1318,user,
user_user_friendship,1,user_1715,user,
user_user_friendship,1,user_1903,user,
user_user_friendship,1,user_1540,user,
user_user_friendship,1,user_38,user,
user_user_friendship,1,user_1778,user,
user_user_friendship,1,user_1909,user,
user_user_friendship,1,user_1332,user,
user_user_friendship,1,user_717,user,
user_user_friendship,1,user_1606,user,
user_user_friendship,1,user_1516,user,
user_user_friendship,1,user_1795,user,
user_user_friendship,1,user_632,user,
user_user_friendship,1,user_1829,user,
user_user_friendship,1,user_1880,user,
user_user_friendship,1,user_1058,user,
user_user_friendship,1,user_24,user,
user_user_friendship,1,user_2038,user,
user_user_friendship,1,user_1517,user,
user_user_friendship,1,user_1132,user,
user_user_friendship,1,user_916,user,
user_user_friendship,1,user_1086,user,
user_user_friendship,1,user_1821,user,
user_user_friendship,1,user_302,user,
user_user_friendship,1,user_682,user,
user_user_friendship,1,user_1768,user,
user_user_friendship,1,user_1233,user,
user_user_friendship,1,user_2027,user,
user_user_friendship,1,user_1071,user,
user_user_friendship,1,user_1555,user,
user_user_friendship,1,user_1652,user,
user_user_friendship,1,user_700,user,
user_user_friendship,1,user_1445,user,
user_user_friendship,1,user_2072,user,
user_user_friendship,1,user_701,user,
user_user_friendship,1,user_674,user,
user_user_friendship,1,user_1803,user,
user_user_friendship,1,user_1535,user,
user_user_friendship,1,user_1811,user,
user_user_friendship,1,user_1607,user,
user_user_friendship,1,user_1815,user,
user_user_friendship,1,user_1661,user,
user_user_friendship,1,user_280,user,
user_user_friendship,1,user_1001,user,
user_user_friendship,1,user_1028,user,
user_user_friendship,1,user_256,user,
user_user_friendship,1,user_861,user,
user_user_friendship,1,user_158,user,
user_user_friendship,1,user_419,user,
user_user_friendship,1,user_1528,user,
user_user_friendship,1,user_1722,user,
user_user_friendship,1,user_1413,user,
user_user_friendship,1,user_1509,user,
user_user_friendship,1,user_1872,user,
user_user_friendship,1,user_1910,user,
user_user_friendship,1,user_17,user,
user_user_friendship,1,user_691,user,
user_user_friendship,1,user_675,user,
user_user_friendship,1,user_42,user,
user_user_friendship,1,user_1184,user,
user_user_friendship,1,user_1452,user,
user_user_friendship,1,user_1437,user,
user_user_friendship,1,user_1467,user,
user_user_friendship,1,user_1515,user,
user_user_friendship,1,user_333,user,
user_user_friendship,1,user_339,user,
user_user_friendship,1,user_329,user,
user_user_friendship,1,user_87,user,
user_user_friendship,1,user_1124,user,
user_user_friendship,1,user_1337,user,
user_user_friendship,1,user_207,user,
user_user_friendship,1,user_882,user,
user_user_friendship,1,user_1363,user,
user_user_friendship,1,user_1179,user,
user_user_friendship,1,user_667,user,
user_user_friendship,1,user_226,user,
user_user_friendship,1,user_1533,user,
user_user_friendship,1,user_1593,user,
user_user_friendship,1,user_989,user,
user_user_friendship,1,user_1131,user,
user_user_friendship,1,user_884,user,
user_user_friendship,1,user_723,user,
user_user_friendship,1,user_1684,user,
user_user_friendship,1,user_1433,user,
user_user_friendship,1,user_1097,user,
user_user_friendship,1,user_150,user,
user_user_friendship,1,user_1636,user,
user_user_friendship,1,user_1399,user,
user_user_friendship,1,user_49,user,
user_user_friendship,1,user_1753,user,
user_user_friendship,1,user_383,user,
user_user_friendship,1,user_984,user,
user_user_friendship,1,user_660,user,
user_user_friendship,1,user_1959,user,
user_user_friendship,1,user_2031,user,
user_user_friendship,1,user_1161,user,
user_user_friendship,1,user_906,user,
user_user_friendship,1,user_985,user,
user_user_friendship,1,user_137,user,
user_user_friendship,1,user_351,user,
user_user_friendship,1,user_1600,user,
user_user_friendship,1,user_16,user,
user_user_friendship,1,user_620,user,
user_user_friendship,1,user_679,user,
user_user_friendship,1,user_572,user,
user_user_friendship,1,user_1305,user,
user_user_friendship,1,user_68,user,
user_user_friendship,1,user_987,user,
user_user_friendship,1,user_152,user,
user_user_friendship,1,user_1559,user,
user_user_friendship,1,user_1104,user,
user_user_friendship,1,user_1423,user,
user_user_friendship,1,user_2081,user,
user_user_friendship,1,user_905,user,
user_user_friendship,1,user_598,user,
user_user_friendship,1,user_1075,user,
user_user_friendship,1,user_1646,user,
user_user_friendship,1,user_473,user,
user_user_friendship,1,user_930,user,
user_user_friendship,1,user_1072,user,
user_user_friendship,1,user_1188,user,
user_user_friendship,1,user_886,user,
user_user_friendship,2,user_1011,user,
user_user_friendship,2,user_2067,user,
user_user_friendship,2,user_710,user,
user_user_friendship,2,user_279,user,
user_user_friendship,2,user_192,user,
user_user_friendship,2,user_1926,user,
user_user_friendship,2,user_1825,user,
user_user_friendship,2,user_367,user,
user_user_friendship,2,user_747,user,
user_user_friendship,2,user_654,user,
user_user_friendship,2,user_1473,user,
user_user_friendship,2,user_1296,user,
user_user_friendship,2,user_208,user,
user_user_friendship,2,user_706,user,
user_user_friendship,2,user_1111,user,
user_user_friendship,2,user_1217,user,
user_user_friendship,2,user_170,user,
user_user_friendship,2,user_1730,user,
user_user_friendship,2,user_349,user,
user_user_friendship,2,user_562,user,
user_user_friendship,2,user_1402,user,
user_user_friendship,2,user_203,user,
user_user_friendship,2,user_1760,user,
user_user_friendship,2,user_356,user,
user_user_friendship,2,user_391,user,
user_user_friendship,2,user_931,user,
user_user_friendship,2,user_261,user,
user_user_friendship,2,user_1176,user,
user_user_friendship,2,user_1112,user,
user_user_friendship,2,user_348,user,
user_user_friendship,2,user_1018,user,
user_user_friendship,2,user_1743,user,
user_user_friendship,2,user_1519,user,
user_user_friendship,2,user_920,user,
user_user_friendship,2,user_854,user,
user_user_friendship,2,user_2060,user,
user_user_friendship,2,user_1351,user,
user_user_friendship,2,user_410,user,
user_user_friendship,2,user_1857,user,
user_user_friendship,2,user_1619,user,
user_user_friendship,2,user_1374,user,
user_user_friendship,2,user_52,user,
user_user_friendship,2,user_403,user,
user_user_friendship,2,user_525,user,
user_user_friendship,2,user_1479,user,
user_user_friendship,2,user_532,user,
user_user_friendship,2,user_101,user,
user_user_friendship,2,user_1287,user,
user_user_friendship,2,user_582,user,
user_user_friendship,2,user_1921,user,
user_user_friendship,2,user_265,user,
user_user_friendship,2,user_821,user,
user_user_friendship,2,user_752,user,
user_user_friendship,2,user_786,user,
user_user_friendship,2,user_2064,user,
user_user_friendship,2,user_1770,user,
user_user_friendship,2,user_1599,user,
user_user_friendship,2,user_36,user,
user_user_friendship,2,user_433,user,
user_user_friendship,2,user_1340,user,
user_user_friendship,2,user_80,user,
user_user_friendship,2,user_153,user,
user_user_friendship,2,user_1501,user,
user_user_friendship,2,user_716,user,
user_user_friendship,2,user_1353,user,
user_user_friendship,2,user_57,user,
user_user_friendship,2,user_949,user,
user_user_friendship,2,user_1019,user,
user_user_friendship,2,user_946,user,
user_user_friendship,2,user_1377,user,
user_user_friendship,2,user_1052,user,
user_user_friendship,2,user_964,user,
user_user_friendship,2,user_29,user,
user_user_friendship,2,user_225,user,
user_user_friendship,3,user_792,user,
user_user_friendship,3,user_347,user,
user_user_friendship,3,user_65,user,
user_user_friendship,3,user_763,user,
user_user_friendship,3,user_1107,user,
user_user_friendship,3,user_1293,user,
user_user_friendship,3,user_839,user,
user_user_friendship,3,user_1935,user,
user_user_friendship,3,user_1312,user,
user_user_friendship,3,user_746,user,
user_user_friendship,3,user_118,user,
user_user_friendship,4,user_1727,user,
user_user_friendship,4,user_440,user,
user_user_friendship,4,user_1013,user,
user_user_friendship,4,user_369,user,
user_user_friendship,4,user_1101,user,
user_user_friendship,4,user_255,user,
user_user_friendship,4,user_773,user,
user_user_friendship,4,user_874,user,
user_user_friendship,4,user_1615,user,
user_user_friendship,4,user_1755,user,
user_user_friendship,4,user_1085,user,
user_user_friendship,4,user_116,user,
user_user_friendship,4,user_1827,user,
user_user_friendship,4,user_181,user,
user_user_friendship,4,user_1470,user,
user_user_friendship,4,user_105,user,
user_user_friendship,4,user_1867,user,
user_user_friendship,4,user_1322,user,
user_user_friendship,4,user_1801,user,
user_user_friendship,4,user_1149,user,
user_user_friendship,4,user_842,user,
user_user_friendship,4,user_20,user,
user_user_friendship,4,user_277,user,
user_user_friendship,4,user_1885,user,
user_user_friendship,4,user_382,user,
user_user_friendship,4,user_628,user,
user_user_friendship,4,user_604,user,
user_user_friendship,4,user_1194,user,
user_user_friendship,4,user_848,user,
user_user_friendship,4,user_936,user,
user_user_friendship,4,user_765,user,
user_user_friendship,4,user_1897,user,
user_user_friendship,4,user_914,user,
user_user_friendship,4,user_468,user,
user_user_friendship,4,user_868,user,
user_user_friendship,4,user_205,user,
user_user_friendship,4,user_358,user,
user_user_friendship,4,user_1854,user,
user_user_friendship,4,user_1975,user,
user_user_friendship,4,user_1969,user,
user_user_friendship,4,user_1118,user,
user_user_friendship,4,user_1912,user,
user_user_friendship,4,user_1030,user,
user_user_friendship,4,user_1621,user,
user_user_friendship,4,user_1182,user,
user_user_friendship,4,user_838,user,
user_user_friendship,4,user_1699,user,
user_user_friendship,4,user_360,user,
user_user_friendship,4,user_802,user,
user_user_friendship,4,user_81,user,
user_user_friendship,4,user_782,user,
user_user_friendship,4,user_625,user,
user_user_friendship,4,user_556,user,
user_user_friendship,4,user_2099,user,
user_user_friendship,4,user_438,user,
user_user_friendship,4,user_190,user,
user_user_friendship,4,user_411,user,
user_user_friendship,4,user_500,user,
user_user_friendship,4,user_1861,user,
user_user_friendship,4,user_1575,user,
user_user_friendship,4,user_1992,user,
user_user_friendship,4,user_928,user,
user_user_friendship,4,user_2028,user,
user_user_friendship,4,user_1710,user,
user_user_friendship,4,user_512,user,
user_user_friendship,4,user_55,user,
user_user_friendship,4,user_193,user,
user_user_friendship,4,user_1557,user,
user_user_friendship,4,user_909,user,
user_user_friendship,4,user_1892,user,
user_user_friendship,4,user_736,user,
user_user_friendship,4,user_958,user,
user_user_friendship,4,user_1694,user,
user_user_friendship,4,user_695,user,
user_user_friendship,4,user_657,user,
user_user_friendship,4,user_704,user,
user_user_friendship,4,user_1996,user,
user_user_friendship,4,user_1352,user,
user_user_friendship,4,user_69,user,
user_user_friendship,4,user_1442,user,
user_user_friendship,4,user_1284,user,
user_user_friendship,4,user_837,user,
user_user_friendship,4,user_2006,user,
user_user_friendship,4,user_921,user,
user_user_friendship,4,user_1205,user,
user_user_friendship,4,user_168,user,
user_user_friendship,4,user_1888,user,
user_user_friendship,4,user_1382,user,
user_user_friendship,4,user_91,user,
user_user_friendship,4,user_729,user,
user_user_friendship,4,user_1513,user,
user_user_friendship,4,user_990,user,
user_user_friendship,4,user_1890,user,
user_user_friendship,4,user_570,user,
user_user_friendship,4,user_1076,user,
user_user_friendship,4,user_718,user,
user_user_friendship,4,user_1925,user,
user_user_friendship,4,user_1774,user,
user_user_friendship,4,user_273,user,
user_user_friendship,4,user_834,user,
user_user_friendship,4,user_926,user,
user_user_friendship,4,user_805,user,
user_user_friendship,4,user_957,user,
user_user_friendship,4,user_573,user,
user_user_friendship,4,user_1098,user,
user_user_friendship,4,user_1024,user,
user_user_friendship,4,user_78,user,
user_user_friendship,4,user_1604,user,
user_user_friendship,4,user_1691,user,
user_user_friendship,4,user_1747,user,
user_user_friendship,4,user_813,user,
user_user_friendship,4,user_1977,user,
user_user_friendship,4,user_1335,user,
user_user_friendship,4,user_1740,user,
user_user_friendship,4,user_1657,user,
user_user_friendship,4,user_262,user,
user_user_friendship,4,user_1507,user,
user_user_friendship,4,user_968,user,
user_user_friendship,4,user_1990,user,
user_user_friendship,4,user_1891,user,
user_user_friendship,4,user_460,user,
user_user_friendship,4,user_1806,user,
user_user_friendship,4,user_2046,user,
user_user_friendship,4,user_908,user,
user_user_friendship,4,user_1279,user,
user_user_friendship,4,user_444,user,
user_user_friendship,4,user_1084,user,
user_user_friendship,4,user_439,user,
user_user_friendship,4,user_366,user,
user_user_friendship,4,user_960,user,
user_user_friendship,4,user_1732,user,
user_user_friendship,4,user_3,user,
user_user_friendship,4,user_1155,user,
user_user_friendship,4,user_552,user,
user_user_friendship,4,user_1387,user,
user_user_friendship,4,user_259,user,
user_user_friendship,4,user_1211,user,
user_user_friendship,4,user_106,user,
user_user_friendship,4,user_1273,user,
user_user_friendship,4,user_619,user,
user_user_friendship,4,user_1315,user,
user_user_friendship,5,user_1005,user,
user_user_friendship,5,user_1574,user,
user_user_friendship,5,user_895,user,
user_user_friendship,5,user_789,user,
user_user_friendship,5,user_70,user,
user_user_friendship,5,user_670,user,
user_user_friendship,5,user_1025,user,
user_user_friendship,6,user_1923,user,
user_user_friendship,6,user_1538,user,
user_user_friendship,6,user_601,user,
user_user_friendship,6,user_2005,user,
user_user_friendship,6,user_1386,user,
user_user_friendship,6,user_1342,user,
user_user_friendship,6,user_1680,user,
user_user_friendship,6,user_661,user,
user_user_friendship,6,user_1754,user,
user_user_friendship,6,user_2095,user,
user_user_friendship,6,user_1976,user,
user_user_friendship,6,user_1497,user,
user_user_friendship,6,user_1669,user,
user_user_friendship,6,user_2030,user,
user_user_friendship,6,user_443,user,
user_user_friendship,6,user_1459,user,
user_user_friendship,6,user_83,user,
user_user_friendship,6,user_991,user,
user_user_friendship,6,user_1254,user,
user_user_friendship,7,user_566,user,
user_user_friendship,7,user_224,user,
user_user_friendship,7,user_306,user,
user_user_friendship,7,user_728,user,
user_user_friendship,7,user_1570,user,
user_user_friendship,7,user_686,user,
user_user_friendship,7,user_575,user,
user_user_friendship,7,user_1611,user,
user_user_friendship,7,user_141,user,
user_user_friendship,7,user_32,user,
user_user_friendship,7,user_397,user,
user_user_friendship,7,user_788,user,
user_user_friendship,7,user_1343,user,
user_user_friendship,7,user_1012,user,
user_user_friendship,7,user_2003,user,
user_user_friendship,7,user_1282,user,
user_user_friendship,7,user_1225,user,
user_user_friendship,7,user_1280,user,
user_user_friendship,7,user_1496,user,
user_user_friendship,7,user_1068,user,
user_user_friendship,7,user_100,user,
user_user_friendship,7,user_455,user,
user_user_friendship,7,user_183,user,
user_user_friendship,7,user_1010,user,
user_user_friendship,7,user_1672,user,
user_user_friendship,7,user_196,user,
user_user_friendship,7,user_904,user,
user_user_friendship,7,user_1395,user,
user_user_friendship,7,user_117,user,
user_user_friendship,7,user_2080,user,
user_user_friendship,7,user_1635,user,
user_user_friendship,7,user_1595,user,
user_user_friendship,7,user_2011,user,
user_user_friendship,7,user_1050,user,
user_user_friendship,7,user_1246,user,
user_user_friendship,7,user_408,user,
user_user_friendship,7,user_320,user,
user_user_friendship,7,user_1486,user,
user_user_friendship,7,user_1835,user,
user_user_friendship,7,user_428,user,
user_user_friendship,7,user_506,user,
user_user_friendship,7,user_656,user,
user_user_friendship,7,user_1957,user,
user_user_friendship,7,user_1115,user,
user_user_friendship,7,user_2,user,
user_user_friendship,7,user_371,user,
user_user_friendship,7,user_62,user,
user_user_friendship,7,user_304,user,
user_user_friendship,7,user_73,user,
user_user_friendship,7,user_1164,user,
user_user_friendship,7,user_1202,user,
user_user_friendship,7,user_791,user,
user_user_friendship,7,user_1220,user,
user_user_friendship,7,user_1213,user,
user_user_friendship,7,user_1103,user,
user_user_friendship,7,user_769,user,
user_user_friendship,7,user_1617,user,
user_user_friendship,7,user_1456,user,
user_user_friendship,7,user_1384,user,
user_user_friendship,7,user_39,user,
user_user_friendship,7,user_694,user,
user_user_friendship,7,user_534,user,
user_user_friendship,7,user_658,user,
user_user_friendship,7,user_1845,user,
user_user_friendship,7,user_959,user,
user_user_friendship,7,user_1896,user,
user_user_friendship,7,user_94,user,
user_user_friendship,7,user_1372,user,
user_user_friendship,7,user_493,user,
user_user_friendship,7,user_762,user,
user_user_friendship,7,user_139,user,
user_user_friendship,7,user_1427,user,
user_user_friendship,7,user_194,user,
user_user_friendship,7,user_480,user,
user_user_friendship,7,user_216,user,
user_user_friendship,7,user_1505,user,
user_user_friendship,7,user_699,user,
user_user_friendship,7,user_338,user,
user_user_friendship,7,user_516,user,
user_user_friendship,7,user_407,user,
user_user_friendship,7,user_1163,user,
user_user_friendship,7,user_1585,user,
user_user_friendship,7,user_1818,user,
user_user_friendship,7,user_1798,user,
user_user_friendship,7,user_275,user,
user_user_friendship,7,user_994,user,
user_user_friendship,7,user_269,user,
user_user_friendship,7,user_40,user,
user_user_friendship,7,user_1728,user,
user_user_friendship,7,user_1883,user,
user_user_friendship,7,user_396,user,
user_user_friendship,7,user_1777,user,
user_user_friendship,7,user_1724,user,
user_user_friendship,7,user_1073,user,
user_user_friendship,7,user_850,user,
user_user_friendship,7,user_893,user,
user_user_friendship,7,user_140,user,
user_user_friendship,7,user_474,user,
user_user_friendship,7,user_174,user,
user_user_friendship,7,user_161,user,
user_user_friendship,7,user_1900,user,
user_user_friendship,7,user_520,user,
user_user_friendship,7,user_1099,user,
user_user_friendship,7,user_1265,user,
user_user_friendship,7,user_934,user,
user_user_friendship,7,user_1074,user,
user_user_friendship,7,user_1038,user,
user_user_friendship,7,user_99,user,
user_user_friendship,7,user_533,user,
user_user_friendship,7,user_359,user,
user_user_friendship,7,user_1405,user,
user_user_friendship,7,user_441,user,
user_user_friendship,7,user_1255,user,
user_user_friendship,7,user_499,user,
user_user_friendship,7,user_1431,user,
user_user_friendship,7,user_96,user,
user_user_friendship,7,user_611,user,
user_user_friendship,7,user_2043,user,
user_user_friendship,7,user_665,user,
user_user_friendship,7,user_761,user,
user_user_friendship,7,user_1637,user,
user_user_friendship,7,user_142,user,
user_user_friendship,7,user_560,user,
user_user_friendship,7,user_1062,user,
user_user_friendship,7,user_386,user,
user_user_friendship,7,user_666,user,
user_user_friendship,7,user_1816,user,
user_user_friendship,7,user_961,user,
user_user_friendship,7,user_1472,user,
user_user_friendship,7,user_1003,user,
user_user_friendship,7,user_1492,user,
user_user_friendship,7,user_452,user,
user_user_friendship,7,user_1814,user,
user_user_friendship,7,user_1656,user,
user_user_friendship,7,user_539,user,
user_user_friendship,7,user_576,user,
user_user_friendship,7,user_1618,user,
user_user_friendship,7,user_1200,user,
user_user_friendship,7,user_1874,user,
user_user_friendship,7,user_2094,user,
user_user_friendship,7,user_1393,user,
user_user_friendship,7,user_1667,user,
user_user_friendship,7,user_264,user,
user_user_friendship,7,user_201,user,
user_user_friendship,7,user_1905,user,
user_user_friendship,7,user_1506,user,
user_user_friendship,7,user_124,user,
user_user_friendship,7,user_859,user,
user_user_friendship,7,user_954,user,
user_user_friendship,7,user_1626,user,
user_user_friendship,7,user_1622,user,
user_user_friendship,7,user_189,user,
user_user_friendship,7,user_951,user,
user_user_friendship,7,user_650,user,
user_user_friendship,7,user_565,user,
user_user_friendship,7,user_1999,user,
user_user_friendship,7,user_1258,user,
user_user_friendship,7,user_2024,user,
user_user_friendship,7,user_434,user,
user_user_friendship,7,user_66,user,
user_user_friendship,7,user_1915,user,
user_user_friendship,7,user_257,user,
user_user_friendship,7,user_1016,user,
user_user_friendship,7,user_1711,user,
user_user_friendship,7,user_1036,user,
user_user_friendship,7,user_1643,user,
user_user_friendship,7,user_23,user,
user_user_friendship,7,user_211,user,
user_user_friendship,7,user_605,user,
user_user_friendship,7,user_1029,user,
user_user_friendship,7,user_176,user,
user_user_friendship,7,user_1601,user,
user_user_friendship,7,user_1958,user,
user_user_friendship,7,user_1316,user,
user_user_friendship,7,user_357,user,
user_user_friendship,7,user_1866,user,
user_user_friendship,7,user_1165,user,
user_user_friendship,7,user_128,user,
user_user_friendship,7,user_540,user,
user_user_friendship,7,user_135,user,
user_user_friendship,7,user_1865,user,
user_user_friendship,7,user_1148,user,
user_user_friendship,7,user_2075,user,
user_user_friendship,7,user_1181,user,
user_user_friendship,7,user_1223,user,
user_user_friendship,7,user_1514,user,
user_user_friendship,7,user_1166,user,
user_user_friendship,7,user_1947,user,
user_user_friendship,7,user_664,user,
user_user_friendship,7,user_1477,user,
user_user_friendship,7,user_1541,user,
user_user_friendship,7,user_423,user,
user_user_friendship,7,user_1173,user,
user_user_friendship,7,user_297,user,
user_user_friendship,7,user_955,user,
user_user_friendship,7,user_1692,user,
user_user_friendship,7,user_779,user,
user_user_friendship,7,user_2014,user,
user_user_friendship,7,user_1232,user,
user_user_friendship,7,user_1432,user,
user_user_friendship,7,user_977,user,
user_user_friendship,7,user_714,user,
user_user_friendship,7,user_1991,user,
user_user_friendship,7,user_948,user,
user_user_friendship,7,user_64,user,
user_user_friendship,7,user_2055,user,
user_user_friendship,7,user_210,user,
user_user_friendship,7,user_940,user,
user_user_friendship,7,user_1210,user,
user_user_friendship,7,user_643,user,
user_user_friendship,7,user_325,user,
user_user_friendship,7,user_1642,user,
user_user_friendship,7,user_515,user,
user_user_friendship,7,user_1946,user,
user_user_friendship,7,user_1744,user,
user_user_friendship,7,user_155,user,
user_user_friendship,7,user_799,user,
user_user_friendship,7,user_187,user,
user_user_friendship,7,user_1551,user,
user_user_friendship,7,user_1800,user,
user_user_friendship,7,user_1125,user,
user_user_friendship,7,user_737,user,
user_user_friendship,7,user_1546,user,
user_user_friendship,7,user_577,user,
user_user_friendship,7,user_2097,user,
user_user_friendship,7,user_1140,user,
user_user_friendship,7,user_1641,user,
user_user_friendship,7,user_1089,user,
user_user_friendship,7,user_374,user,
user_user_friendship,7,user_777,user,
user_user_friendship,7,user_1542,user,
user_user_friendship,7,user_430,user,
user_user_friendship,7,user_1474,user,
user_user_friendship,7,user_767,user,
user_user_friendship,7,user_4,user,
user_user_friendship,7,user_1209,user,
user_user_friendship,7,user_1191,user,
user_user_friendship,7,user_647,user,
user_user_friendship,7,user_1454,user,
user_user_friendship,7,user_722,user,
user_user_friendship,7,user_442,user,
user_user_friendship,7,user_1654,user,
user_user_friendship,7,user_1244,user,
user_user_friendship,7,user_1327,user,
user_user_friendship,7,user_1949,user,
user_user_friendship,7,user_191,user,
user_user_friendship,7,user_935,user,
user_user_friendship,7,user_31,user,
user_user_friendship,7,user_1942,user,
user_user_friendship,7,user_464,user,
user_user_friendship,7,user_218,user,
user_user_friendship,7,user_1841,user,
user_user_friendship,7,user_1929,user,
user_user_friendship,7,user_1587,user,
user_user_friendship,7,user_1653,user,
user_user_friendship,7,user_446,user,
user_user_friendship,7,user_1955,user,
user_user_friendship,7,user_1708,user,
user_user_friendship,7,user_476,user,
user_user_friendship,7,user_596,user,
user_user_friendship,7,user_103,user,
user_user_friendship,7,user_683,user,
user_user_friendship,7,user_112,user,
user_user_friendship,7,user_2052,user,
user_user_friendship,7,user_244,user,
user_user_friendship,7,user_290,user,
user_user_friendship,7,user_1881,user,
user_user_friendship,7,user_568,user,
user_user_friendship,8,user_639,user,
user_user_friendship,8,user_92,user,
user_user_friendship,9,user_102,user,
user_user_friendship,9,user_1199,user,
user_user_friendship,9,user_1939,user,
user_user_friendship,10,user_1937,user,
user_user_friendship,10,user_726,user,
user_user_friendship,10,user_263,user,
user_user_friendship,10,user_496,user,
user_user_friendship,10,user_663,user,
user_user_friendship,10,user_1962,user,
user_user_friendship,10,user_185,user,
user_user_friendship,10,user_1522,user,
user_user_friendship,10,user_1368,user,
user_user_friendship,10,user_282,user,
user_user_friendship,10,user_1981,user,
user_user_friendship,10,user_1779,user,
user_user_friendship,10,user_845,user,
user_user_friendship,10,user_1902,user,
user_user_friendship,10,user_1956,user,
user_user_friendship,10,user_1844,user,
user_user_friendship,10,user_312,user,
user_user_friendship,10,user_33,user,
user_user_friendship,10,user_1195,user,
user_user_friendship,10,user_900,user,
user_user_friendship,10,user_1238,user,
user_user_friendship,10,user_274,user,
user_user_friendship,10,user_1775,user,
user_user_friendship,10,user_1706,user,
user_user_friendship,10,user_1082,user,
user_user_friendship,10,user_458,user,
user_user_friendship,10,user_844,user,
user_user_friendship,10,user_1004,user,
user_user_friendship,10,user_750,user,
user_user_friendship,10,user_1931,user,
user_user_friendship,10,user_1934,user,
user_user_friendship,10,user_1216,user,
user_user_friendship,10,user_1719,user,
user_user_friendship,10,user_1504,user,
user_user_friendship,10,user_420,user,
user_user_friendship,10,user_1234,user,
user_user_friendship,10,user_2083,user,
user_user_friendship,10,user_2009,user,
user_user_friendship,10,user_1389,user,
user_user_friendship,10,user_807,user,
user_user_friendship,10,user_76,user,
user_user_friendship,10,user_1576,user,
user_user_friendship,10,user_1139,user,
user_user_friendship,11,user_1425,user,
user_user_friendship,11,user_1247,user,
user_user_friendship,11,user_310,user,
user_user_friendship,11,user_30,user,
user_user_friendship,11,user_1189,user,
user_user_friendship,11,user_1725,user,
user_user_friendship,11,user_353,user,
user_user_friendship,11,user_1022,user,
user_user_friendship,11,user_227,user,
user_user_friendship,11,user_578,user,
user_user_friendship,11,user_120,user,
user_user_friendship,11,user_858,user,
user_user_friendship,11,user_1319,user,
user_user_friendship,11,user_502,user,
user_user_friendship,11,user_1734,user,
user_user_friendship,11,user_400,user,
user_user_friendship,11,user_1577,user,
user_user_friendship,11,user_98,user,
user_user_friendship,11,user_236,user,
user_user_friendship,11,user_97,user,
user_user_friendship,11,user_1810,user,
user_user_friendship,11,user_1065,user,
user_user_friendship,11,user_1846,user,
user_user_friendship,11,user_1476,user,
user_user_friendship,11,user_2000,user,
user_user_friendship,11,user_781,user,
user_user_friendship,11,user_494,user,
user_user_friendship,11,user_1983,user,
user_user_friendship,11,user_151,user,
user_user_friendship,11,user_1666,user,
user_user_friendship,11,user_1766,user,
user_user_friendship,11,user_1997,user,
user_user_friendship,11,user_437,user,
user_user_friendship,11,user_1446,user,
user_user_friendship,11,user_1491,user,
user_user_friendship,11,user_144,user,
user_user_friendship,11,user_1979,user,
user_user_friendship,11,user_451,user,
user_user_friendship,11,user_481,user,
user_user_friendship,11,user_1388,user,
user_user_friendship,11,user_1002,user,
user_user_friendship,11,user_58,user,
user_user_friendship,11,user_1122,user,
user_user_friendship,11,user_79,user,
user_user_friendship,11,user_878,user,
user_user_friendship,11,user_1300,user,
user_user_friendship,11,user_757,user,
user_user_friendship,11,user_1310,user,
user_user_friendship,11,user_1308,user,
user_user_friendship,11,user_745,user,
user_user_friendship,11,user_1128,user,
user_user_friendship,11,user_1346,user,
user_user_friendship,11,user_1385,user,
user_user_friendship,11,user_1748,user,
user_user_friendship,11,user_1292,user,
user_user_friendship,11,user_1572,user,
user_user_friendship,11,user_816,user,
user_user_friendship,11,user_852,user,
user_user_friendship,11,user_1894,user,
user_user_friendship,11,user_1616,user,
user_user_friendship,11,user_258,user,
user_user_friendship,11,user_399,user,
user_user_friendship,11,user_826,user,
user_user_friendship,11,user_538,user,
user_user_friendship,11,user_815,user,
user_user_friendship,11,user_669,user,
user_user_friendship,11,user_2023,user,
user_user_friendship,11,user_617,user,
user_user_friendship,11,user_690,user,
user_user_friendship,11,user_1771,user,
user_user_friendship,11,user_1034,user,
user_user_friendship,11,user_387,user,
user_user_friendship,11,user_612,user,
user_user_friendship,11,user_680,user,
user_user_friendship,11,user_2061,user,
user_user_friendship,11,user_2059,user,
user_user_friendship,11,user_1039,user,
user_user_friendship,11,user_1674,user,
user_user_friendship,11,user_1178,user,
user_user_friendship,11,user_1171,user,
user_user_friendship,11,user_1869,user,
user_user_friendship,11,user_43,user,
user_user_friendship,11,user_1469,user,
user_user_friendship,11,user_1503,user,
user_user_friendship,11,user_1648,user,
user_user_friendship,11,user_1475,user,
user_user_friendship,11,user_998,user,
user_user_friendship,11,user_1863,user,
user_user_friendship,11,user_504,user,
user_user_friendship,11,user_1776,user,
user_user_friendship,11,user_1042,user,
user_user_friendship,11,user_289,user,
user_user_friendship,11,user_130,user,
user_user_friendship,11,user_924,user,
user_user_friendship,11,user_229,user,
user_user_friendship,11,user_1930,user,
user_user_friendship,11,user_1898,user,
user_user_friendship,11,user_415,user,
user_user_friendship,11,user_1451,user,
user_user_friendship,11,user_45,user,
user_user_friendship,11,user_685,user,
user_user_friendship,11,user_646,user,
user_user_friendship,11,user_327,user,
user_user_friendship,11,user_1675,user,
user_user_friendship,11,user_1453,user,
user_user_friendship,11,user_514,user,
user_user_friendship,11,user_1917,user,
user_user_friendship,11,user_1834,user,
user_user_friendship,11,user_1046,user,
user_user_friendship,11,user_732,user,
user_user_friendship,11,user_1116,user,
user_user_friendship,11,user_1954,user,
user_user_friendship,11,user_159,user,
user_user_friendship,11,user_836,user,
user_user_friendship,11,user_1780,user,
user_user_friendship,11,user_1820,user,
user_user_friendship,11,user_354,user,
user_user_friendship,11,user_965,user,
user_user_friendship,11,user_380,user,
user_user_friendship,11,user_1298,user,
user_user_friendship,11,user_1693,user,
user_user_friendship,11,user_1520,user,
user_user_friendship,11,user_911,user,
user_user_friendship,11,user_651,user,
user_user_friendship,11,user_1272,user,
user_user_friendship,11,user_1851,user,
user_user_friendship,11,user_417,user,
user_user_friendship,11,user_558,user,
user_user_friendship,11,user_537,user,
user_user_friendship,11,user_12,user,
user_user_friendship,11,user_1871,user,
user_user_friendship,11,user_941,user,
user_user_friendship,11,user_214,user,
user_user_friendship,11,user_470,user,
user_user_friendship,11,user_405,user,
user_user_friendship,11,user_1348,user,
user_user_friendship,11,user_636,user,
user_user_friendship,11,user_561,user,
user_user_friendship,11,user_1726,user,
user_user_friendship,11,user_7,user,
user_user_friendship,11,user_179,user,
user_user_friendship,11,user_705,user,
user_user_friendship,11,user_1301,user,
user_user_friendship,11,user_46,user,
user_user_friendship,11,user_638,user,
user_user_friendship,11,user_248,user,
user_user_friendship,11,user_11,user,
user_user_friendship,11,user_2054,user,
user_user_friendship,11,user_413,user,
user_user_friendship,11,user_1278,user,
user_user_friendship,11,user_790,user,
user_user_friendship,11,user_1993,user,
user_user_friendship,11,user_536,user,
user_user_friendship,11,user_1150,user,
user_user_friendship,11,user_13,user,
user_user_friendship,11,user_1466,user,
user_user_friendship,11,user_518,user,
user_user_friendship,11,user_963,user,
user_user_friendship,11,user_1461,user,
user_user_friendship,11,user_1762,user,
user_user_friendship,11,user_593,user,
user_user_friendship,11,user_1773,user,
user_user_friendship,11,user_1483,user,
user_user_friendship,11,user_1742,user,
user_user_friendship,11,user_1283,user,
user_user_friendship,11,user_291,user,
user_user_friendship,11,user_1489,user,
user_user_friendship,11,user_1185,user,
user_user_friendship,11,user_231,user,
user_user_friendship,11,user_463,user,
user_user_friendship,11,user_531,user,
user_user_friendship,11,user_1856,user,
user_user_friendship,11,user_592,user,
user_user_friendship,11,user_1248,user,
user_user_friendship,11,user_340,user,
user_user_friendship,11,user_278,user,
user_user_friendship,11,user_53,user,
user_user_friendship,11,user_1802,user,
user_user_friendship,11,user_2004,user,
user_user_friendship,11,user_1558,user,
user_user_friendship,11,user_1092,user,
user_user_friendship,11,user_819,user,
user_user_friendship,11,user_758,user,
user_user_friendship,11,user_1647,user,
user_user_friendship,11,user_1717,user,
user_user_friendship,11,user_1447,user,
user_user_friendship,11,user_910,user,
user_user_friendship,11,user_1014,user,
user_user_friendship,11,user_2079,user,
user_user_friendship,11,user_1410,user,
user_user_friendship,11,user_581,user,
user_user_friendship,11,user_477,user,
user_user_friendship,11,user_785,user,
user_user_friendship,11,user_1369,user,
user_user_friendship,11,user_1578,user,
user_user_friendship,11,user_1015,user,
user_user_friendship,11,user_110,user,
user_user_friendship,11,user_1023,user,
user_user_friendship,11,user_692,user,
user_user_friendship,11,user_1769,user,
user_user_friendship,11,user_390,user,
user_user_friendship,11,user_2037,user,
user_user_friendship,11,user_1757,user,
user_user_friendship,11,user_487,user,
user_user_friendship,11,user_375,user,
user_user_friendship,11,user_129,user,
user_user_friendship,11,user_527,user,
user_user_friendship,11,user_72,user,
user_user_friendship,11,user_1033,user,
user_user_friendship,11,user_621,user,
user_user_friendship,11,user_2058,user,
user_user_friendship,11,user_1080,user,
user_user_friendship,11,user_751,user,
user_user_friendship,11,user_1662,user,
user_user_friendship,11,user_260,user,
user_user_friendship,11,user_47,user,
user_user_friendship,11,user_702,user,
user_user_friendship,11,user_1704,user,
user_user_friendship,11,user_1786,user,
user_user_friendship,11,user_486,user,
user_user_friendship,11,user_615,user,
user_user_friendship,11,user_1027,user,
user_user_friendship,11,user_1895,user,
user_user_friendship,11,user_509,user,
user_user_friendship,11,user_684,user,
user_user_friendship,11,user_1494,user,
user_user_friendship,11,user_146,user,
user_user_friendship,11,user_1455,user,
user_user_friendship,11,user_1633,user,
user_user_friendship,11,user_1963,user,
user_user_friendship,11,user_1418,user,
user_user_friendship,11,user_1525,user,
user_user_friendship,11,user_1356,user,
user_user_friendship,11,user_797,user,
user_user_friendship,11,user_1017,user,
user_user_friendship,11,user_1053,user,
user_user_friendship,11,user_778,user,
user_user_friendship,11,user_1961,user,
user_user_friendship,11,user_267,user,
user_user_friendship,11,user_378,user,
user_user_friendship,11,user_1135,user,
user_user_friendship,11,user_479,user,
user_user_friendship,11,user_875,user,
user_user_friendship,11,user_742,user,
user_user_friendship,11,user_1741,user,
user_user_friendship,11,user_873,user,
user_user_friendship,11,user_2020,user,
user_user_friendship,11,user_1511,user,
user_user_friendship,11,user_1307,user,
user_user_friendship,11,user_1145,user,
user_user_friendship,11,user_1833,user,
user_user_friendship,11,user_553,user,
user_user_friendship,11,user_230,user,
user_user_friendship,11,user_2065,user,
user_user_friendship,11,user_1311,user,
user_user_friendship,11,user_768,user,
user_user_friendship,11,user_421,user,
user_user_friendship,11,user_1429,user,
user_user_friendship,11,user_1799,user,
user_user_friendship,11,user_48,user,
user_user_friendship,11,user_1580,user,
user_user_friendship,11,user_1113,user,
user_user_friendship,11,user_589,user,
user_user_friendship,11,user_385,user,
user_user_friendship,11,user_1628,user,
user_user_friendship,11,user_749,user,
user_user_friendship,11,user_542,user,
user_user_friendship,11,user_793,user,
user_user_friendship,11,user_352,user,
user_user_friendship,11,user_847,user,
user_user_friendship,11,user_795,user,
user_user_friendship,11,user_322,user,
user_user_friendship,11,user_1334,user,
user_user_friendship,11,user_634,user,
user_user_friendship,11,user_232,user,
user_user_friendship,11,user_355,user,
user_user_friendship,11,user_730,user,
user_user_friendship,11,user_25,user,
user_user_friendship,11,user_1649,user,
user_user_friendship,11,user_318,user,
user_user_friendship,11,user_240,user,
user_user_friendship,11,user_801,user,
user_user_friendship,12,user_1951,user,
user_user_friendship,12,user_148,user,
user_user_friendship,12,user_204,user,
user_user_friendship,12,user_843,user,
user_user_friendship,12,user_734,user,
user_user_friendship,13,user_1987,user,
user_user_friendship,13,user_166,user,
user_user_friendship,14,user_1464,user,
user_user_friendship,14,user_1737,user,
user_user_friendship,14,user_182,user,
user_user_friendship,15,user_1239,user,
user_user_friendship,15,user_1864,user,
user_user_friendship,15,user_1524,user,
user_user_friendship,15,user_1295,user,
user_user_friendship,15,user_1243,user,
user_user_friendship,15,user_467,user,
user_user_friendship,15,user_1640,user,
user_user_friendship,15,user_1852,user,
user_user_friendship,15,user_2036,user,
user_user_friendship,15,user_1383,user,
user_user_friendship,15,user_655,user,
user_user_friendship,15,user_5,user,
user_user_friendship,15,user_1152,user,
user_user_friendship,15,user_1070,user,
user_user_friendship,15,user_1889,user,
user_user_friendship,15,user_107,user,
user_user_friendship,15,user_237,user,
user_user_friendship,15,user_300,user,
user_user_friendship,15,user_1544,user,
user_user_friendship,15,user_1406,user,
user_user_friendship,15,user_1964,user,
user_user_friendship,15,user_1966,user,
user_user_friendship,15,user_1603,user,
user_user_friendship,15,user_2091,user,
user_user_friendship,15,user_567,user,
user_user_friendship,15,user_447,user,
user_user_friendship,15,user_2044,user,
user_user_friendship,15,user_27,user,
user_user_friendship,15,user_997,user,
user_user_friendship,15,user_508,user,
user_user_friendship,15,user_6,user,
user_user_friendship,15,user_1302,user,
user_user_friendship,15,user_731,user,
user_user_friendship,15,user_794,user,
user_user_friendship,15,user_1133,user,
user_user_friendship,15,user_817,user,
user_user_friendship,15,user_2070,user,
user_user_friendship,15,user_1329,user,
user_user_friendship,15,user_784,user,
user_user_friendship,15,user_56,user,
user_user_friendship,15,user_84,user,
user_user_friendship,15,user_1009,user,
user_user_friendship,15,user_143,user,
user_user_friendship,15,user_1695,user,
user_user_friendship,15,user_1196,user,
user_user_friendship,15,user_234,user,
user_user_friendship,15,user_71,user,
user_user_friendship,15,user_1986,user,
user_user_friendship,15,user_406,user,
user_user_friendship,15,user_616,user,
user_user_friendship,15,user_321,user,
user_user_friendship,15,user_800,user,
user_user_friendship,15,user_341,user,
user_user_friendship,15,user_1805,user,
user_user_friendship,15,user_1924,user,
user_user_friendship,15,user_228,user,
user_user_friendship,15,user_77,user,
user_user_friendship,15,user_416,user,
user_user_friendship,15,user_1264,user,
user_user_friendship,15,user_1830,user,
user_user_friendship,15,user_511,user,
user_user_friendship,15,user_1613,user,
user_user_friendship,15,user_465,user,
user_user_friendship,15,user_1309,user,
user_user_friendship,15,user_563,user,
user_user_friendship,15,user_1375,user,
user_user_friendship,15,user_1424,user,
user_user_friendship,15,user_899,user,
user_user_friendship,15,user_1682,user,
user_user_friendship,15,user_462,user,
user_user_friendship,15,user_1170,user,
user_user_friendship,15,user_1259,user,
user_user_friendship,15,user_668,user,
user_user_friendship,15,user_254,user,
user_user_friendship,15,user_820,user,
user_user_friendship,15,user_1156,user,
user_user_friendship,15,user_1588,user,
user_user_friendship,15,user_195,user,
user_user_friendship,15,user_175,user,
user_user_friendship,15,user_394,user,
user_user_friendship,15,user_2056,user,
user_user_friendship,15,user_1952,user,
user_user_friendship,15,user_546,user,
user_user_friendship,15,user_629,user,
user_user_friendship,15,user_642,user,
user_user_friendship,15,user_693,user,
user_user_friendship,15,user_51,user,
user_user_friendship,15,user_1573,user,
user_user_friendship,15,user_627,user,
user_user_friendship,15,user_787,user,
user_user_friendship,15,user_266,user,
user_user_friendship,15,user_933,user,
user_user_friendship,15,user_1154,user,
user_user_friendship,15,user_841,user,
user_user_friendship,15,user_535,user,
user_user_friendship,15,user_1712,user,
user_user_friendship,15,user_649,user,
user_user_friendship,15,user_925,user,
user_user_friendship,15,user_712,user,
user_user_friendship,15,user_469,user,
user_user_friendship,15,user_1408,user,
user_user_friendship,15,user_1224,user,
user_user_friendship,15,user_1120,user,
user_user_friendship,15,user_1566,user,
user_user_friendship,15,user_548,user,
user_user_friendship,15,user_2096,user,
user_user_friendship,15,user_1597,user,
user_user_friendship,15,user_2057,user,
user_user_friendship,15,user_708,user,
user_user_friendship,15,user_929,user,
user_user_friendship,15,user_1839,user,
user_user_friendship,15,user_1067,user,
user_user_friendship,15,user_978,user,
user_user_friendship,15,user_1403,user,
user_user_friendship,15,user_1842,user,
user_user_friendship,15,user_1249,user,
user_user_friendship,15,user_299,user,
user_user_friendship,15,user_953,user,
user_user_friendship,15,user_887,user,
user_user_friendship,15,user_313,user,
user_user_friendship,15,user_1594,user,
user_user_friendship,15,user_1411,user,
user_user_friendship,15,user_1404,user,
user_user_friendship,15,user_1397,user,
user_user_friendship,15,user_1822,user,
user_user_friendship,15,user_1441,user,
user_user_friendship,15,user_2053,user,
user_user_friendship,15,user_1044,user,
user_user_friendship,15,user_637,user,
user_user_friendship,15,user_877,user,
user_user_friendship,15,user_810,user,
user_user_friendship,15,user_613,user,
user_user_friendship,15,user_1911,user,
user_user_friendship,15,user_1670,user,
user_user_friendship,15,user_1696,user,
user_user_friendship,15,user_426,user,
user_user_friendship,15,user_678,user,
user_user_friendship,15,user_889,user,
user_user_friendship,15,user_687,user,
user_user_friendship,15,user_1286,user,
user_user_friendship,15,user_22,user,
user_user_friendship,15,user_1950,user,
user_user_friendship,15,user_979,user,
user_user_friendship,15,user_735,user,
user_user_friendship,15,user_1430,user,
user_user_friendship,15,user_215,user,
user_user_friendship,15,user_492,user,
user_user_friendship,15,user_696,user,
user_user_friendship,15,user_41,user,
user_user_friendship,15,user_2077,user,
user_user_friendship,15,user_1518,user,
user_user_friendship,15,user_2017,user,
user_user_friendship,15,user_283,user,
user_user_friendship,15,user_996,user,
user_user_friendship,15,user_149,user,
user_user_friendship,15,user_688,user,
user_user_friendship,15,user_602,user,
user_user_friendship,15,user_1376,user,
user_user_friendship,15,user_491,user,
user_user_friendship,15,user_343,user,
user_user_friendship,15,user_1426,user,
user_user_friendship,15,user_362,user,
user_user_friendship,15,user_235,user,
user_user_friendship,15,user_1193,user,
user_user_friendship,15,user_308,user,
user_user_friendship,15,user_835,user,
user_user_friendship,15,user_1380,user,
user_user_friendship,15,user_1543,user,
user_user_friendship,15,user_1685,user,
user_user_friendship,15,user_526,user,
user_user_friendship,15,user_398,user,
user_user_friendship,15,user_725,user,
user_user_friendship,15,user_744,user,
user_user_friendship,15,user_517,user,
user_user_friendship,15,user_1794,user,
user_user_friendship,15,user_697,user,
user_user_friendship,15,user_1242,user,
user_user_friendship,15,user_1531,user,
user_user_friendship,15,user_890,user,
user_user_friendship,15,user_1789,user,
user_user_friendship,15,user_188,user,
user_user_friendship,15,user_1848,user,
user_user_friendship,15,user_1214,user,
user_user_friendship,15,user_1236,user,
user_user_friendship,15,user_681,user,
user_user_friendship,15,user_1114,user,
user_user_friendship,15,user_1333,user,
user_user_friendship,15,user_1174,user,
user_user_friendship,15,user_1703,user,
user_user_friendship,15,user_1589,user,
user_user_friendship,15,user_108,user,
user_user_friendship,15,user_86,user,
user_user_friendship,15,user_840,user,
user_user_friendship,15,user_1804,user,
user_user_friendship,15,user_424,user,
user_user_friendship,15,user_1443,user,
user_user_friendship,15,user_772,user,
user_user_friendship,15,user_1422,user,
user_user_friendship,15,user_676,user,
user_user_friendship,15,user_1922,user,
user_user_friendship,15,user_1458,user,
user_user_friendship,15,user_401,user,
user_user_friendship,15,user_1534,user,
user_user_friendship,15,user_915,user,
user_user_friendship,15,user_1700,user,
user_user_friendship,15,user_1858,user,
user_user_friendship,15,user_1855,user,
user_user_friendship,15,user_475,user,
user_user_friendship,15,user_614,user,
user_user_friendship,15,user_431,user,
user_user_friendship,15,user_764,user,
user_user_friendship,15,user_1228,user,
user_user_friendship,15,user_644,user,
user_user_friendship,15,user_393,user,
user_user_friendship,15,user_1679,user,
user_user_friendship,15,user_119,user,
user_user_friendship,15,user_1644,user,
user_user_friendship,15,user_932,user,
user_user_friendship,15,user_1130,user,
user_user_friendship,15,user_457,user,
user_user_friendship,15,user_760,user,
user_user_friendship,15,user_1971,user,
user_user_friendship,15,user_1349,user,
user_user_friendship,15,user_1938,user,
user_user_friendship,15,user_2008,user,
user_user_friendship,15,user_1367,user,
user_user_friendship,15,user_1100,user,
user_user_friendship,15,user_1364,user,
user_user_friendship,15,user_1782,user,
user_user_friendship,15,user_1245,user,
user_user_friendship,15,user_26,user,
user_user_friendship,15,user_1256,user,
user_user_friendship,15,user_1008,user,
user_user_friendship,15,user_324,user,
user_user_friendship,15,user_1270,user,
user_user_friendship,15,user_90,user,
user_user_friendship,15,user_251,user,
user_user_friendship,15,user_943,user,
user_user_friendship,15,user_580,user,
user_user_friendship,15,user_1625,user,
user_user_friendship,15,user_980,user,
user_user_friendship,15,user_1758,user,
user_user_friendship,15,user_551,user,
user_user_friendship,15,user_1792,user,
user_user_friendship,15,user_962,user,
user_user_friendship,15,user_121,user,
user_user_friendship,15,user_1081,user,
user_user_friendship,15,user_1167,user,
user_user_friendship,15,user_864,user,
user_user_friendship,15,user_1172,user,
user_user_friendship,15,user_738,user,
user_user_friendship,15,user_1345,user,
user_user_friendship,15,user_1121,user,
user_user_friendship,15,user_292,user,
user_user_friendship,15,user_1480,user,
user_user_friendship,15,user_1545,user,
user_user_friendship,15,user_1159,user,
user_user_friendship,15,user_1620,user,
user_user_friendship,15,user_2093,user,
user_user_friendship,15,user_1078,user,
user_user_friendship,15,user_268,user,
user_user_friendship,15,user_1686,user,
user_user_friendship,15,user_1707,user,
user_user_friendship,15,user_1893,user,
user_user_friendship,15,user_907,user,
user_user_friendship,15,user_2035,user,
user_user_friendship,15,user_1688,user,
user_user_friendship,15,user_364,user,
user_user_friendship,15,user_1499,user,
user_user_friendship,15,user_1944,user,
user_user_friendship,15,user_2088,user,
user_user_friendship,15,user_846,user,
user_user_friendship,15,user_1671,user,
user_user_friendship,15,user_1040,user,
user_user_friendship,15,user_1731,user,
user_user_friendship,15,user_771,user,
user_user_friendship,15,user_1266,user,
user_user_friendship,15,user_1108,user,
user_user_friendship,15,user_1450,user,
user_user_friendship,15,user_1192,user,
user_user_friendship,15,user_798,user,
user_user_friendship,15,user_1584,user,
user_user_friendship,15,user_719,user,
user_user_friendship,15,user_662,user,
user_user_friendship,15,user_1998,user,
user_user_friendship,15,user_10,user,
user_user_friendship,15,user_550,user,
user_user_friendship,15,user_34,user,
user_user_friendship,15,user_1797,user,
user_user_friendship,15,user_529,user,
user_user_friendship,15,user_1138,user,
user_user_friendship,15,user_212,user,
user_user_friendship,15,user_1660,user,
user_user_friendship,15,user_2086,user,
user_user_friendship,15,user_2092,user,
user_user_friendship,15,user_2032,user,
user_user_friendship,15,user_1051,user,
user_user_friendship,15,user_1859,user,
user_user_friendship,15,user_938,user,
user_user_friendship,15,user_1420,user,
user_user_friendship,15,user_1709,user,
user_user_friendship,15,user_392,user,
user_user_friendship,15,user_2048,user,
user_user_friendship,15,user_1313,user,
user_user_friendship,15,user_85,user,
user_user_friendship,15,user_1817,user,
user_user_friendship,15,user_1354,user,
user_user_friendship,15,user_1508,user,
user_user_friendship,15,user_753,user,
user_user_friendship,15,user_1281,user,
user_user_friendship,15,user_1549,user,
user_user_friendship,15,user_707,user,
user_user_friendship,15,user_780,user,
user_user_friendship,15,user_1583,user,
user_user_friendship,15,user_510,user,
user_user_friendship,15,user_1438,user,
user_user_friendship,15,user_1339,user,
user_user_friendship,15,user_449,user,
user_user_friendship,15,user_759,user,
user_user_friendship,15,user_59,user,
user_user_friendship,15,user_2016,user,
user_user_friendship,15,user_1291,user,
user_user_friendship,15,user_827,user,
user_user_friendship,15,user_1664,user,
user_user_friendship,15,user_971,user,
user_user_friendship,15,user_1440,user,
user_user_friendship,15,user_544,user,
user_user_friendship,15,user_471,user,
user_user_friendship,15,user_507,user,
user_user_friendship,15,user_1809,user,
user_user_friendship,15,user_881,user,
user_user_friendship,15,user_14,user,
user_user_friendship,15,user_922,user,
user_user_friendship,15,user_9,user,
user_user_friendship,15,user_466,user,
user_user_friendship,15,user_301,user,
user_user_friendship,15,user_372,user,
user_user_friendship,15,user_1146,user,
user_user_friendship,15,user_594,user,
user_user_friendship,15,user_1720,user,
user_user_friendship,15,user_1781,user,
user_user_friendship,15,user_1562,user,
user_user_friendship,15,user_1064,user,
user_user_friendship,15,user_1875,user,
user_user_friendship,15,user_1718,user,
user_user_friendship,15,user_1729,user,
user_user_friendship,15,user_1498,user,
user_user_friendship,15,user_585,user,
user_user_friendship,15,user_896,user,
user_user_friendship,15,user_74,user,
user_user_friendship,15,user_1237,user,
user_user_friendship,15,user_1745,user,
user_user_friendship,15,user_824,user,
user_user_friendship,15,user_919,user,
user_user_friendship,15,user_1639,user,
user_user_friendship,15,user_631,user,
user_user_friendship,15,user_1055,user,
user_user_friendship,15,user_1323,user,
user_user_friendship,15,user_154,user,
user_user_friendship,15,user_1547,user,
user_user_friendship,15,user_876,user,
user_user_friendship,15,user_1366,user,
user_user_friendship,15,user_829,user,
user_user_friendship,15,user_336,user,
user_user_friendship,15,user_363,user,
user_user_friendship,15,user_1331,user,
user_user_friendship,15,user_1853,user,
user_user_friendship,15,user_1123,user,
user_user_friendship,15,user_1941,user,
user_user_friendship,15,user_1527,user,
user_user_friendship,15,user_1907,user,
user_user_friendship,15,user_1787,user,
user_user_friendship,15,user_459,user,
user_user_friendship,15,user_1772,user,
user_user_friendship,15,user_1414,user,
user_user_friendship,15,user_743,user,
user_user_friendship,15,user_1793,user,
user_user_friendship,15,user_860,user,
user_user_friendship,15,user_828,user,
user_user_friendship,15,user_608,user,
user_user_friendship,15,user_200,user,
user_user_friendship,15,user_307,user,
user_user_friendship,15,user_436,user,
user_user_friendship,15,user_1330,user,
user_user_friendship,15,user_1689,user,
user_user_friendship,15,user_317,user,
user_user_friendship,15,user_157,user,
user_user_friendship,15,user_217,user,
user_user_friendship,15,user_823,user,
user_user_friendship,15,user_2078,user,
user_user_friendship,15,user_284,user,
user_user_friendship,15,user_1906,user,
user_user_friendship,15,user_334,user,
user_user_friendship,15,user_1160,user,
user_user_friendship,15,user_113,user,
user_user_friendship,15,user_303,user,
user_user_friendship,15,user_1749,user,
user_user_friendship,15,user_1061,user,
user_user_friendship,15,user_2015,user,
user_user_friendship,15,user_1868,user,
user_user_friendship,15,user_1362,user,
user_user_friendship,15,user_82,user,
user_user_friendship,15,user_1887,user,
user_user_friendship,15,user_285,user,
user_user_friendship,15,user_903,user,
user_user_friendship,15,user_863,user,
user_user_friendship,15,user_404,user,
user_user_friendship,15,user_640,user,
user_user_friendship,15,user_1396,user,
user_user_friendship,15,user_376,user,
user_user_friendship,15,user_1785,user,
user_user_friendship,15,user_1153,user,
user_user_friendship,15,user_1439,user,
user_user_friendship,15,user_1627,user,
user_user_friendship,15,user_1824,user,
user_user_friendship,15,user_1723,user,
user_user_friendship,15,user_950,user,
user_user_friendship,15,user_1579,user,
user_user_friendship,15,user_125,user,
user_user_friendship,15,user_1463,user,
user_user_friendship,15,user_1623,user,
user_user_friendship,15,user_1357,user,
user_user_friendship,15,user_173,user,
user_user_friendship,15,user_2090,user,
user_user_friendship,15,user_1978,user,
user_user_friendship,15,user_109,user,
user_user_friendship,15,user_395,user,
user_user_friendship,15,user_871,user,
user_user_friendship,15,user_288,user,
user_user_friendship,15,user_812,user,
user_user_friendship,15,user_1994,user,
user_user_friendship,15,user_1041,user,
user_user_friendship,15,user_856,user,
user_user_friendship,15,user_365,user,
user_user_friendship,15,user_482,user,
user_user_friendship,15,user_1614,user,
user_user_friendship,15,user_1936,user,
user_user_friendship,15,user_115,user,
user_user_friendship,15,user_541,user,
user_user_friendship,15,user_1490,user,
user_user_friendship,15,user_450,user,
user_user_friendship,15,user_981,user,
user_user_friendship,15,user_583,user,
user_user_friendship,15,user_1697,user,
user_user_friendship,15,user_28,user,
user_user_friendship,15,user_1090,user,
user_user_friendship,15,user_164,user,
user_user_friendship,15,user_1481,user,
user_user_friendship,15,user_559,user,
user_user_friendship,15,user_1289,user,
user_user_friendship,15,user_60,user,
user_user_friendship,15,user_1206,user,
user_user_friendship,15,user_171,user,
user_user_friendship,15,user_281,user,
user_user_friendship,15,user_967,user,
user_user_friendship,15,user_1347,user,
user_user_friendship,15,user_1204,user,
user_user_friendship,15,user_1032,user,
user_user_friendship,15,user_1230,user,
user_user_friendship,15,user_1158,user,
user_user_friendship,15,user_853,user,
user_user_friendship,15,user_1299,user,
user_user_friendship,15,user_1324,user,
user_user_friendship,15,user_975,user,
user_user_friendship,15,user_584,user,
user_user_friendship,15,user_1899,user,
user_user_friendship,15,user_1630,user,
user_user_friendship,15,user_1126,user,
user_user_friendship,15,user_1554,user,
user_user_friendship,15,user_114,user,
user_user_friendship,15,user_2029,user,
user_user_friendship,15,user_1190,user,
user_user_friendship,15,user_1157,user,
user_user_friendship,15,user_1444,user,
user_user_friendship,15,user_1093,user,
user_user_friendship,15,user_2025,user,
user_user_friendship,15,user_2069,user,
user_user_friendship,15,user_549,user,
user_user_friendship,15,user_1530,user,
user_user_friendship,15,user_1177,user,
user_user_friendship,15,user_1918,user,
user_user_friendship,15,user_184,user,
user_user_friendship,15,user_574,user,
user_user_friendship,15,user_213,user,
user_user_friendship,15,user_1980,user,
user_user_friendship,15,user_1989,user,
user_user_friendship,15,user_2042,user,
user_user_friendship,15,user_1060,user,
user_user_friendship,15,user_913,user,
user_user_friendship,15,user_249,user,
user_user_friendship,15,user_1390,user,
user_user_friendship,15,user_986,user,
user_user_friendship,15,user_1187,user,
user_user_friendship,15,user_1416,user,
user_user_friendship,15,user_513,user,
user_user_friendship,15,user_1207,user,
user_user_friendship,15,user_1151,user,
user_user_friendship,15,user_1485,user,
user_user_friendship,15,user_1655,user,
user_user_friendship,15,user_1624,user,
user_user_friendship,15,user_1275,user,
user_user_friendship,15,user_1493,user,
user_user_friendship,15,user_177,user,
user_user_friendship,15,user_754,user,
user_user_friendship,15,user_368,user,
user_user_friendship,15,user_1746,user,
user_user_friendship,15,user_1091,user,
user_user_friendship,15,user_1147,user,
user_user_friendship,15,user_2013,user,
user_user_friendship,15,user_478,user,
user_user_friendship,15,user_88,user,
user_user_friendship,15,user_489,user,
user_user_friendship,15,user_484,user,
user_user_friendship,15,user_402,user,
user_user_friendship,15,user_1860,user,
user_user_friendship,15,user_721,user,
user_user_friendship,15,user_454,user,
user_user_friendship,15,user_1586,user,
user_user_friendship,15,user_198,user,
user_user_friendship,15,user_739,user,
user_user_friendship,15,user_1948,user,
user_user_friendship,15,user_163,user,
user_user_friendship,15,user_1629,user,
user_user_friendship,15,user_122,user,
user_user_friendship,15,user_1823,user,
user_user_friendship,15,user_1350,user,
user_user_friendship,15,user_37,user,
user_user_friendship,15,user_1761,user,
user_user_friendship,15,user_388,user,
user_user_friendship,15,user_1702,user,
user_user_friendship,15,user_1083,user,
user_user_friendship,15,user_1428,user,
user_user_friendship,15,user_1134,user,
user_user_friendship,15,user_1212,user,
user_user_friendship,15,user_720,user,
user_user_friendship,15,user_1721,user,
user_user_friendship,15,user_727,user,
user_user_friendship,15,user_756,user,
user_user_friendship,15,user_1536,user,
user_user_friendship,15,user_1035,user,
user_user_friendship,15,user_123,user,
user_user_friendship,15,user_2085,user,
user_user_friendship,15,user_870,user,
user_user_friendship,15,user_1784,user,
user_user_friendship,15,user_645,user,
user_user_friendship,15,user_295,user,
user_user_friendship,15,user_1180,user,
user_user_friendship,15,user_677,user,
user_user_friendship,15,user_814,user,
user_user_friendship,15,user_519,user,
user_user_friendship,15,user_1968,user,
user_user_friendship,15,user_1271,user,
user_user_friendship,15,user_897,user,
user_user_friendship,15,user_521,user,
user_user_friendship,15,user_1020,user,
user_user_friendship,15,user_709,user,
user_user_friendship,15,user_976,user,
user_user_friendship,15,user_1592,user,
user_user_friendship,15,user_1144,user,
user_user_friendship,15,user_1037,user,
user_user_friendship,15,user_832,user,
user_user_friendship,15,user_377,user,
user_user_friendship,15,user_1972,user,
user_user_friendship,15,user_337,user,
user_user_friendship,15,user_1556,user,
user_user_friendship,15,user_298,user,
user_user_friendship,15,user_891,user,
user_user_friendship,15,user_635,user,
user_user_friendship,15,user_1995,user,
user_user_friendship,15,user_1229,user,
user_user_friendship,15,user_831,user,
user_user_friendship,15,user_587,user,
user_user_friendship,15,user_1183,user,
user_user_friendship,15,user_178,user,
user_user_friendship,15,user_825,user,
user_user_friendship,15,user_912,user,
user_user_friendship,15,user_633,user,
user_user_friendship,15,user_127,user,
user_user_friendship,15,user_63,user,
user_user_friendship,15,user_606,user,
user_user_friendship,15,user_219,user,
user_user_friendship,15,user_1488,user,
user_user_friendship,15,user_1401,user,
user_user_friendship,15,user_1565,user,
user_user_friendship,15,user_296,user,
user_user_friendship,15,user_156,user,
user_user_friendship,15,user_1358,user,
user_user_friendship,15,user_547,user,
user_user_friendship,15,user_1079,user,
user_user_friendship,15,user_50,user,
user_user_friendship,15,user_1919,user,
user_user_friendship,15,user_698,user,
user_user_friendship,15,user_1094,user,
user_user_friendship,15,user_595,user,
user_user_friendship,15,user_1088,user,
user_user_friendship,15,user_1288,user,
user_user_friendship,15,user_1796,user,
user_user_friendship,15,user_2051,user,
user_user_friendship,15,user_241,user,
user_user_friendship,15,user_202,user,
user_user_friendship,15,user_1267,user,
user_user_friendship,15,user_2076,user,
user_user_friendship,15,user_2001,user,
user_user_friendship,15,user_1826,user,
user_user_friendship,15,user_1914,user,
user_user_friendship,15,user_2041,user,
user_user_friendship,15,user_453,user,
user_user_friendship,15,user_180,user,
user_user_friendship,15,user_1705,user,
user_user_friendship,15,user_952,user,
user_user_friendship,15,user_939,user,
user_user_friendship,15,user_1882,user,
user_user_friendship,15,user_1831,user,
user_user_friendship,15,user_238,user,
user_user_friendship,15,user_432,user,
user_user_friendship,15,user_15,user,
user_user_friendship,15,user_1581,user,
user_user_friendship,15,user_1701,user,
user_user_friendship,15,user_1231,user,
user_user_friendship,15,user_1537,user,
user_user_friendship,15,user_342,user,
user_user_friendship,15,user_1119,user,
user_user_friendship,15,user_2047,user,
user_user_friendship,15,user_2066,user,
user_user_friendship,15,user_1539,user,
user_user_friendship,15,user_2010,user,
user_user_friendship,15,user_1783,user,
user_user_friendship,15,user_1920,user,
user_user_friendship,15,user_461,user,
user_user_friendship,15,user_623,user,
user_user_friendship,15,user_18,user,
user_user_friendship,15,user_622,user,
user_user_friendship,15,user_1355,user,
user_user_friendship,15,user_1087,user,
user_user_friendship,15,user_1582,user,
user_user_friendship,15,user_1553,user,
user_user_friendship,15,user_294,user,
user_user_friendship,15,user_888,user,
user_user_friendship,15,user_672,user,
user_user_friendship,15,user_2040,user,
user_user_friendship,15,user_1596,user,
user_user_friendship,15,user_1879,user,
user_user_friendship,15,user_865,user,
user_user_friendship,15,user_1847,user,
user_user_friendship,15,user_1277,user,
user_user_friendship,15,user_1984,user,
user_user_friendship,15,user_1419,user,
user_user_friendship,15,user_673,user,
user_user_friendship,15,user_1974,user,
user_user_friendship,15,user_1449,user,
user_user_friendship,15,user_250,user,
user_user_friendship,15,user_711,user,
user_user_friendship,15,user_1221,user,
user_user_friendship,15,user_293,user,
user_user_friendship,15,user_344,user,
user_user_friendship,15,user_1407,user,
user_user_friendship,15,user_2007,user,
user_user_friendship,15,user_1634,user,
user_user_friendship,15,user_1021,user,
user_user_friendship,15,user_1274,user,
user_user_friendship,15,user_319,user,
user_user_friendship,15,user_131,user,
user_user_friendship,15,user_999,user,
user_user_friendship,15,user_822,user,
user_user_friendship,15,user_733,user,
user_user_friendship,15,user_715,user,
user_user_friendship,15,user_2019,user,
user_user_friendship,15,user_172,user,
user_user_friendship,16,user_316,user,
user_user_friendship,16,user_1484,user,
user_user_friendship,17,user_1840,user,
user_user_friendship,17,user_1398,user,
user_user_friendship,17,user_2062,user,
user_user_friendship,17,user_418,user,
user_user_friendship,18,user_427,user,
user_user_friendship,18,user_1819,user,
user_user_friendship,19,user_1877,user,
user_user_friendship,19,user_44,user,
user_user_friendship,19,user_485,user,
user_user_friendship,19,user_2034,user,
user_user_friendship,19,user_35,user,
user_user_friendship,19,user_972,user,
user_user_friendship,19,user_1240,user,
user_user_friendship,19,user_1303,user,
user_user_friendship,19,user_1807,user,
user_user_friendship,19,user_1751,user,
user_user_friendship,19,user_993,user,
user_user_friendship,19,user_1638,user,
user_user_friendship,19,user_1495,user,
user_user_friendship,20,user_523,user,
user_user_friendship,20,user_1836,user,
user_user_friendship,21,user_1360,user,
user_user_friendship,21,user_1500,user,
user_user_friendship,21,user_557,user,
user_user_friendship,22,user_1733,user,
user_user_friendship,22,user_579,user,
user_user_friendship,23,user_586,user,
user_user_friendship,23,user_2100,user,
user_user_friendship,23,user_607,user,
user_user_friendship,24,user_2045,user,
user_user_friendship,24,user_1650,user,
user_user_friendship,24,user_618,user,
user_user_friendship,25,user_624,user,
user_user_friendship,25,user_1325,user,
user_user_friendship,25,user_1933,user,
user_user_friendship,25,user_1502,user,
user_user_friendship,26,user_869,user,
user_user_friendship,26,user_652,user,
user_user_friendship,27,user_818,user,
user_user_friendship,27,user_741,user,
user_user_friendship,28,user_855,user,
user_user_friendship,28,user_206,user,
user_user_friendship,28,user_345,user,
user_user_friendship,28,user_603,user,
user_user_friendship,28,user_776,user,
user_user_friendship,28,user_270,user,
user_user_friendship,28,user_1759,user,
user_user_friendship,28,user_1862,user,
user_user_friendship,28,user_435,user,
user_user_friendship,28,user_1677,user,
user_user_friendship,28,user_111,user,
user_user_friendship,29,user_1276,user,
user_user_friendship,29,user_1047,user,
user_user_friendship,30,user_1321,user,
user_user_friendship,30,user_1110,user,
user_user_friendship,31,user_1904,user,
user_user_friendship,31,user_1421,user,
user_user_friendship,31,user_1235,user,
user_user_friendship,32,user_1676,user,
user_user_friendship,32,user_1336,user,
user_user_friendship,33,user_1371,user,
user_user_friendship,33,user_1982,user,
user_user_friendship,34,user_1764,user,
user_user_friendship,34,user_1378,user,
