node_id,node_type
user_2,user
user_275,user
user_428,user
user_515,user
user_761,user
user_831,user
user_909,user
user_1209,user
user_1210,user
user_1230,user
user_1327,user
user_1585,user
user_1625,user
user_1869,user
user_3,user
user_78,user
user_255,user
user_460,user
user_837,user
user_1740,user
user_1801,user
user_1975,user
user_4,user
user_99,user
user_124,user
user_211,user
user_264,user
user_493,user
user_520,user
user_534,user
user_850,user
user_1103,user
user_2080,user
user_5,user
user_228,user
user_725,user
user_1271,user
user_1310,user
user_1481,user
user_1785,user
user_6,user
user_149,user
user_1697,user
user_1761,user
user_7,user
user_46,user
user_232,user
user_390,user
user_545,user
user_815,user
user_873,user
user_1002,user
user_1135,user
user_1184,user
user_1308,user
user_1453,user
user_1466,user
user_1649,user
user_1666,user
user_1734,user
user_2020,user
user_2037,user
user_2061,user
user_8,user
user_339,user
user_370,user
user_419,user
user_749,user
user_1017,user
user_1178,user
user_1515,user
user_1568,user
user_1811,user
user_1813,user
user_9,user
user_743,user
user_1956,user
user_10,user
user_1196,user
user_1498,user
user_1530,user
user_1562,user
user_1986,user
user_11,user
user_12,user
user_25,user
user_129,user
user_136,user
user_145,user
user_230,user
user_278,user
user_405,user
user_684,user
user_795,user
user_804,user
user_816,user
user_859,user
user_984,user
user_1132,user
user_1136,user
user_1179,user
user_1189,user
user_1475,user
user_1577,user
user_1684,user
user_1766,user
user_1780,user
user_1828,user
user_2004,user
user_2021,user
user_127,user
user_133,user
user_146,user
user_236,user
user_240,user
user_258,user
user_400,user
user_593,user
user_730,user
user_797,user
user_861,user
user_930,user
user_941,user
user_998,user
user_1023,user
user_1056,user
user_1088,user
user_1145,user
user_1146,user
user_1253,user
user_1272,user
user_1346,user
user_1348,user
user_1368,user
user_1455,user
user_1628,user
user_1636,user
user_1709,user
user_1726,user
user_1776,user
user_1820,user
user_1895,user
user_13,user
user_481,user
user_732,user
user_1659,user
user_2041,user
user_14,user
user_608,user
user_642,user
user_754,user
user_1258,user
user_1357,user
user_1554,user
user_1702,user
user_15,user
user_122,user
user_143,user
user_237,user
user_266,user
user_416,user
user_454,user
user_771,user
user_1243,user
user_1281,user
user_1383,user
user_1556,user
user_1662,user
user_1805,user
user_1879,user
user_1993,user
user_2025,user
user_2036,user
user_16,user
user_252,user
user_437,user
user_701,user
user_726,user
user_790,user
user_1226,user
user_1263,user
user_1503,user
user_1567,user
user_1632,user
user_1665,user
user_1706,user
user_1833,user
user_1937,user
user_2000,user
user_2068,user
user_17,user
user_330,user
user_632,user
user_1071,user
user_1661,user
user_1917,user
user_18,user
user_298,user
user_308,user
user_401,user
user_475,user
user_675,user
user_1183,user
user_1302,user
user_1424,user
user_1458,user
user_1465,user
user_20,user
user_1891,user
user_21,user
user_207,user
user_1233,user
user_1305,user
user_1646,user
user_22,user
user_59,user
user_80,user
user_170,user
user_198,user
user_349,user
user_395,user
user_655,user
user_903,user
user_1249,user
user_1362,user
user_1543,user
user_1589,user
user_1865,user
user_23,user
user_107,user
user_24,user
user_150,user
user_231,user
user_329,user
user_361,user
user_417,user
user_435,user
user_502,user
user_898,user
user_1027,user
user_1033,user
user_1102,user
user_1590,user
user_1722,user
user_1973,user
user_310,user
user_463,user
user_636,user
user_852,user
user_1113,user
user_1222,user
user_1552,user
user_1647,user
user_2056,user
user_26,user
user_212,user
user_1094,user
user_1642,user
user_27,user
user_758,user
user_28,user
user_29,user
user_946,user
user_30,user
user_229,user
user_487,user
user_501,user
user_638,user
user_751,user
user_1130,user
user_1283,user
user_1614,user
user_31,user
user_62,user
user_210,user
user_218,user
user_306,user
user_371,user
user_396,user
user_474,user
user_499,user
user_575,user
user_658,user
user_762,user
user_954,user
user_1081,user
user_1163,user
user_1164,user
user_1173,user
user_1213,user
user_1255,user
user_1343,user
user_1514,user
user_1653,user
user_1835,user
user_2097,user
user_32,user
user_889,user
user_1474,user
user_1486,user
user_1905,user
user_33,user
user_282,user
user_457,user
user_496,user
user_750,user
user_845,user
user_1231,user
user_1779,user
user_34,user
user_35,user
user_972,user
user_36,user
user_525,user
user_747,user
user_949,user
user_37,user
user_142,user
user_1660,user
user_38,user
user_383,user
user_39,user
user_1125,user
user_2003,user
user_40,user
user_135,user
user_161,user
user_325,user
user_1089,user
user_1393,user
user_1841,user
user_2055,user
user_41,user
user_84,user
user_42,user
user_1778,user
user_43,user
user_172,user
user_179,user
user_193,user
user_260,user
user_615,user
user_637,user
user_691,user
user_757,user
user_1013,user
user_1076,user
user_1084,user
user_1167,user
user_1410,user
user_1469,user
user_1491,user
user_2006,user
user_44,user
user_319,user
user_485,user
user_1138,user
user_1152,user
user_1240,user
user_1381,user
user_45,user
user_49,user
user_271,user
user_413,user
user_514,user
user_518,user
user_537,user
user_542,user
user_589,user
user_1080,user
user_47,user
user_121,user
user_132,user
user_158,user
user_214,user
user_226,user
user_227,user
user_248,user
user_253,user
user_280,user
user_302,user
user_318,user
user_322,user
user_335,user
user_355,user
user_362,user
user_415,user
user_497,user
user_527,user
user_531,user
user_536,user
user_561,user
user_569,user
user_609,user
user_690,user
user_702,user
user_717,user
user_814,user
user_830,user
user_862,user
user_864,user
user_875,user
user_882,user
user_911,user
user_1053,user
user_1278,user
user_1304,user
user_1356,user
user_1365,user
user_1369,user
user_1413,user
user_1447,user
user_1478,user
user_1600,user
user_1674,user
user_1687,user
user_1742,user
user_1810,user
user_1821,user
user_1880,user
user_1954,user
user_2018,user
user_2054,user
user_58,user
user_470,user
user_1445,user
user_1471,user
user_1603,user
user_48,user
user_558,user
user_963,user
user_1014,user
user_1247,user
user_1560,user
user_1616,user
user_1648,user
user_1856,user
user_1859,user
user_1979,user
user_87,user
user_190,user
user_311,user
user_538,user
user_572,user
user_723,user
user_847,user
user_884,user
user_1007,user
user_1332,user
user_1337,user
user_1433,user
user_1434,user
user_1509,user
user_1563,user
user_1753,user
user_1803,user
user_1961,user
user_1983,user
user_2071,user
user_50,user
user_125,user
user_195,user
user_712,user
user_794,user
user_51,user
user_157,user
user_202,user
user_208,user
user_340,user
user_491,user
user_548,user
user_677,user
user_709,user
user_731,user
user_752,user
user_971,user
user_1020,user
user_1214,user
user_1287,user
user_1380,user
user_1527,user
user_1553,user
user_1586,user
user_1671,user
user_1818,user
user_1964,user
user_1968,user
user_1978,user
user_2008,user
user_52,user
user_153,user
user_1741,user
user_53,user
user_120,user
user_704,user
user_1476,user
user_54,user
user_333,user
user_2031,user
user_55,user
user_1382,user
user_56,user
user_254,user
user_478,user
user_668,user
user_1067,user
user_1488,user
user_1597,user
user_57,user
user_101,user
user_233,user
user_247,user
user_351,user
user_385,user
user_532,user
user_844,user
user_952,user
user_986,user
user_1054,user
user_1351,user
user_1521,user
user_1528,user
user_1730,user
user_203,user
user_338,user
user_399,user
user_425,user
user_571,user
user_620,user
user_634,user
user_646,user
user_680,user
user_703,user
user_878,user
user_1128,user
user_1150,user
user_1294,user
user_1300,user
user_1385,user
user_1457,user
user_1525,user
user_1851,user
user_1965,user
user_2059,user
user_2072,user
user_265,user
user_388,user
user_424,user
user_433,user
user_439,user
user_455,user
user_621,user
user_759,user
user_899,user
user_969,user
user_979,user
user_999,user
user_1062,user
user_1236,user
user_1358,user
user_1635,user
user_1737,user
user_2016,user
user_60,user
user_1087,user
user_2051,user
user_61,user
user_1006,user
user_1533,user
user_442,user
user_665,user
user_1165,user
user_1728,user
user_63,user
user_85,user
user_114,user
user_676,user
user_738,user
user_753,user
user_865,user
user_890,user
user_950,user
user_1174,user
user_1206,user
user_1275,user
user_1396,user
user_2077,user
user_64,user
user_407,user
user_1641,user
user_1907,user
user_65,user
user_118,user
user_1107,user
user_1312,user
user_1613,user
user_66,user
user_359,user
user_430,user
user_452,user
user_683,user
user_699,user
user_1029,user
user_1454,user
user_68,user
user_242,user
user_69,user
user_168,user
user_619,user
user_1194,user
user_1404,user
user_70,user
user_670,user
user_789,user
user_895,user
user_1005,user
user_1025,user
user_1574,user
user_71,user
user_891,user
user_1324,user
user_72,user
user_73,user
user_1010,user
user_1038,user
user_1883,user
user_74,user
user_533,user
user_1299,user
user_1852,user
user_2085,user
user_75,user
user_315,user
user_674,user
user_1664,user
user_76,user
user_77,user
user_594,user
user_1724,user
user_91,user
user_105,user
user_106,user
user_112,user
user_155,user
user_257,user
user_262,user
user_360,user
user_438,user
user_444,user
user_447,user
user_468,user
user_506,user
user_512,user
user_519,user
user_550,user
user_552,user
user_657,user
user_666,user
user_695,user
user_718,user
user_729,user
user_802,user
user_805,user
user_823,user
user_874,user
user_908,user
user_914,user
user_926,user
user_928,user
user_935,user
user_936,user
user_951,user
user_1024,user
user_1026,user
user_1098,user
user_1101,user
user_1149,user
user_1181,user
user_1211,user
user_1273,user
user_1284,user
user_1315,user
user_1403,user
user_1557,user
user_1575,user
user_1601,user
user_1604,user
user_1619,user
user_1621,user
user_1719,user
user_1732,user
user_1774,user
user_1827,user
user_1890,user
user_1892,user
user_1995,user
user_2028,user
user_2046,user
user_2066,user
user_79,user
user_144,user
user_414,user
user_421,user
user_479,user
user_486,user
user_858,user
user_1001,user
user_1022,user
user_1248,user
user_1769,user
user_2087,user
user_192,user
user_225,user
user_261,user
user_582,user
user_931,user
user_1296,user
user_1479,user
user_1501,user
user_1599,user
user_1877,user
user_81,user
user_921,user
user_1507,user
user_82,user
user_83,user
user_1342,user
user_1386,user
user_1459,user
user_1064,user
user_696,user
user_828,user
user_912,user
user_1627,user
user_1935,user
user_86,user
user_1418,user
user_1679,user
user_770,user
user_1057,user
user_88,user
user_1938,user
user_89,user
user_152,user
user_90,user
user_595,user
user_1106,user
user_1588,user
user_708,user
user_92,user
user_639,user
user_94,user
user_1656,user
user_1708,user
user_95,user
user_671,user
user_966,user
user_1104,user
user_96,user
user_128,user
user_1670,user
user_97,user
user_98,user
user_778,user
user_781,user
user_191,user
user_304,user
user_446,user
user_566,user
user_577,user
user_650,user
user_686,user
user_767,user
user_1319,user
user_1595,user
user_100,user
user_964,user
user_1161,user
user_1267,user
user_1388,user
user_1519,user
user_1743,user
user_2027,user
user_2070,user
user_102,user
user_1199,user
user_1939,user
user_103,user
user_1496,user
user_104,user
user_667,user
user_2042,user
user_366,user
user_108,user
user_113,user
user_235,user
user_376,user
user_489,user
user_516,user
user_592,user
user_616,user
user_685,user
user_711,user
user_1364,user
user_1490,user
user_1536,user
user_546,user
user_580,user
user_871,user
user_925,user
user_109,user
user_317,user
user_402,user
user_459,user
user_110,user
user_380,user
user_713,user
user_819,user
user_1069,user
user_1092,user
user_1572,user
user_1606,user
user_111,user
user_206,user
user_270,user
user_345,user
user_603,user
user_776,user
user_855,user
user_1677,user
user_1759,user
user_1862,user
user_611,user
user_1397,user
user_1401,user
user_835,user
user_877,user
user_1889,user
user_115,user
user_1032,user
user_1144,user
user_1274,user
user_2048,user
user_116,user
user_411,user
user_924,user
user_117,user
user_187,user
user_568,user
user_596,user
user_788,user
user_2014,user
user_1293,user
user_119,user
user_551,user
user_327,user
user_553,user
user_836,user
user_1298,user
user_1898,user
user_305,user
user_1055,user
user_1058,user
user_1277,user
user_1559,user
user_2038,user
user_296,user
user_492,user
user_508,user
user_692,user
user_876,user
user_1116,user
user_1221,user
user_1723,user
user_1789,user
user_1824,user
user_123,user
user_216,user
user_274,user
user_397,user
user_1225,user
user_1282,user
user_1626,user
user_393,user
user_471,user
user_1522,user
user_1832,user
user_126,user
user_851,user
user_1804,user
user_363,user
user_432,user
user_1126,user
user_1339,user
user_1887,user
user_1906,user
user_2088,user
user_141,user
user_217,user
user_436,user
user_567,user
user_714,user
user_961,user
user_1115,user
user_1202,user
user_1615,user
user_1618,user
user_1744,user
user_1866,user
user_1893,user
user_1929,user
user_1957,user
user_1981,user
user_130,user
user_162,user
user_256,user
user_451,user
user_498,user
user_503,user
user_612,user
user_779,user
user_1046,user
user_1065,user
user_1301,user
user_1334,user
user_1419,user
user_1555,user
user_1762,user
user_1771,user
user_1773,user
user_1782,user
user_1963,user
user_1072,user
user_131,user
user_1204,user
user_1437,user
user_1633,user
user_332,user
user_1124,user
user_1423,user
user_1593,user
user_1768,user
user_1788,user
user_134,user
user_1198,user
user_1988,user
user_286,user
user_490,user
user_808,user
user_905,user
user_942,user
user_1311,user
user_1379,user
user_1517,user
user_1591,user
user_1690,user
user_137,user
user_1910,user
user_139,user
user_1999,user
user_140,user
user_605,user
user_1480,user
user_183,user
user_269,user
user_453,user
user_480,user
user_540,user
user_799,user
user_1021,user
user_1148,user
user_1156,user
user_1232,user
user_1244,user
user_1367,user
user_1405,user
user_1463,user
user_1541,user
user_1542,user
user_1777,user
user_1900,user
user_1924,user
user_1991,user
user_201,user
user_283,user
user_387,user
user_817,user
user_938,user
user_943,user
user_955,user
user_1086,user
user_1114,user
user_1154,user
user_1246,user
user_1440,user
user_2009,user
user_354,user
user_378,user
user_223,user
user_682,user
user_1143,user
user_1540,user
user_1034,user
user_1462,user
user_1564,user
user_1725,user
user_147,user
user_1137,user
user_1683,user
user_148,user
user_843,user
user_870,user
user_521,user
user_581,user
user_584,user
user_939,user
user_985,user
user_1153,user
user_1186,user
user_1197,user
user_1658,user
user_151,user
user_1539,user
user_1607,user
user_1757,user
user_154,user
user_1040,user
user_2029,user
user_156,user
user_449,user
user_547,user
user_827,user
user_2093,user
user_312,user
user_473,user
user_530,user
user_1605,user
user_1974,user
user_159,user
user_307,user
user_314,user
user_326,user
user_412,user
user_598,user
user_659,user
user_660,user
user_806,user
user_1188,user
user_1363,user
user_1467,user
user_1678,user
user_1704,user
user_1808,user
user_1873,user
user_163,user
user_175,user
user_164,user
user_1918,user
user_1966,user
user_166,user
user_1987,user
user_1155,user
user_854,user
user_1112,user
user_1408,user
user_171,user
user_238,user
user_268,user
user_303,user
user_780,user
user_1549,user
user_173,user
user_1120,user
user_1420,user
user_174,user
user_320,user
user_1692,user
user_176,user
user_177,user
user_343,user
user_377,user
user_622,user
user_178,user
user_494,user
user_742,user
user_1307,user
user_1452,user
user_1483,user
user_1748,user
user_180,user
user_1100,user
user_181,user
user_205,user
user_259,user
user_277,user
user_1118,user
user_1925,user
user_182,user
user_1464,user
user_1166,user
user_184,user
user_185,user
user_1775,user
user_186,user
user_1070,user
user_643,user
user_1958,user
user_188,user
user_189,user
user_960,user
user_1133,user
user_1691,user
user_1727,user
user_1752,user
user_1772,user
user_194,user
user_647,user
user_297,user
user_398,user
user_465,user
user_907,user
user_1264,user
user_1345,user
user_1566,user
user_1695,user
user_1707,user
user_1781,user
user_1792,user
user_1797,user
user_1931,user
user_196,user
user_374,user
user_410,user
user_1079,user
user_1353,user
user_1372,user
user_1450,user
user_1473,user
user_1682,user
user_1745,user
user_1794,user
user_1809,user
user_1971,user
user_2069,user
user_200,user
user_1640,user
user_364,user
user_1428,user
user_1921,user
user_2067,user
user_204,user
user_1524,user
user_1850,user
user_706,user
user_1018,user
user_209,user
user_539,user
user_1800,user
user_476,user
user_1667,user
user_215,user
user_602,user
user_627,user
user_800,user
user_832,user
user_978,user
user_1004,user
user_1041,user
user_1078,user
user_1147,user
user_1172,user
user_1331,user
user_1623,user
user_1858,user
user_1984,user
user_2001,user
user_213,user
user_1573,user
user_541,user
user_1914,user
user_219,user
user_1051,user
user_220,user
user_2039,user
user_1171,user
user_224,user
user_1003,user
user_555,user
user_1959,user
user_896,user
user_987,user
user_1489,user
user_1799,user
user_910,user
user_1109,user
user_1717,user
user_1838,user
user_409,user
user_1399,user
user_234,user
user_822,user
user_348,user
user_353,user
user_1429,user
user_1451,user
user_661,user
user_472,user
user_241,user
user_1758,user
user_2010,user
user_932,user
user_1435,user
user_243,user
user_1795,user
user_244,user
user_346,user
user_886,user
user_906,user
user_1011,user
user_289,user
user_249,user
user_250,user
user_1701,user
user_1969,user
user_251,user
user_1936,user
user_1909,user
user_1318,user
user_629,user
user_1581,user
user_1793,user
user_1826,user
user_1920,user
user_350,user
user_1511,user
user_1516,user
user_1663,user
user_722,user
user_1042,user
user_2053,user
user_504,user
user_263,user
user_420,user
user_1099,user
user_1505,user
user_1882,user
user_1942,user
user_391,user
user_299,user
user_368,user
user_662,user
user_913,user
user_922,user
user_1170,user
user_1234,user
user_1998,user
user_267,user
user_321,user
user_1535,user
user_273,user
user_664,user
user_1350,user
user_1427,user
user_279,user
user_716,user
user_809,user
user_848,user
user_933,user
user_1443,user
user_1903,user
user_2033,user
user_281,user
user_1266,user
user_284,user
user_285,user
user_678,user
user_760,user
user_1545,user
user_1830,user
user_288,user
user_507,user
user_290,user
user_291,user
user_578,user
user_292,user
user_342,user
user_635,user
user_687,user
user_1402,user
user_293,user
user_1749,user
user_294,user
user_295,user
user_1499,user
user_1721,user
user_431,user
user_640,user
user_645,user
user_673,user
user_688,user
user_825,user
user_863,user
user_915,user
user_917,user
user_1177,user
user_1180,user
user_1291,user
user_1354,user
user_1532,user
user_1582,user
user_1784,user
user_1823,user
user_1919,user
user_1994,user
user_2019,user
user_2078,user
user_841,user
user_300,user
user_1375,user
user_1655,user
user_301,user
user_631,user
user_331,user
user_590,user
user_840,user
user_1720,user
user_365,user
user_697,user
user_982,user
user_1075,user
user_1477,user
user_1972,user
user_574,user
user_1699,user
user_1897,user
user_1608,user
user_1806,user
user_1950,user
user_313,user
user_715,user
user_316,user
user_1484,user
user_739,user
user_1237,user
user_1845,user
user_1366,user
user_1694,user
user_2065,user
user_324,user
user_328,user
user_1389,user
user_1220,user
user_1715,user
user_1790,user
user_1446,user
user_1736,user
user_334,user
user_1416,user
user_1831,user
user_336,user
user_583,user
user_337,user
user_689,user
user_341,user
user_559,user
user_772,user
user_1531,user
user_1760,user
user_344,user
user_1261,user
user_1796,user
user_2084,user
user_347,user
user_763,user
user_1374,user
user_1290,user
user_1872,user
user_352,user
user_1834,user
user_375,user
user_1157,user
user_356,user
user_1377,user
user_357,user
user_358,user
user_1885,user
user_656,user
user_1791,user
user_426,user
user_1035,user
user_1411,user
user_440,user
user_367,user
user_940,user
user_1316,user
user_2044,user
user_369,user
user_464,user
user_1259,user
user_1798,user
user_372,user
user_959,user
user_469,user
user_1093,user
user_535,user
user_1394,user
user_382,user
user_1829,user
user_386,user
user_2011,user
user_1091,user
user_477,user
user_1039,user
user_1786,user
user_920,user
user_392,user
user_394,user
user_1431,user
user_2024,user
user_560,user
user_1508,user
user_403,user
user_669,user
user_826,user
user_1825,user
user_404,user
user_604,user
user_745,user
user_777,user
user_793,user
user_853,user
user_406,user
user_408,user
user_1052,user
user_2064,user
user_736,user
user_957,user
user_2032,user
user_782,user
user_1008,user
user_418,user
user_1840,user
user_2062,user
user_543,user
user_1576,user
user_1844,user
user_423,user
user_1456,user
user_995,user
user_888,user
user_1989,user
user_427,user
user_1819,user
user_1881,user
user_1407,user
user_434,user
user_934,user
user_1617,user
user_1992,user
user_842,user
user_500,user
user_1060,user
user_441,user
user_443,user
user_1611,user
user_450,user
user_868,user
user_1049,user
user_1192,user
user_769,user
user_927,user
user_1395,user
user_456,user
user_458,user
user_649,user
user_1159,user
user_1977,user
user_461,user
user_462,user
user_904,user
user_466,user
user_467,user
user_1288,user
user_1534,user
user_495,user
user_965,user
user_1097,user
user_2083,user
user_785,user
user_1688,user
user_482,user
user_484,user
user_2090,user
user_1303,user
user_1495,user
user_1638,user
user_1292,user
user_488,user
user_849,user
user_1373,user
user_607,user
user_549,user
user_1289,user
user_2058,user
user_1584,user
user_1888,user
user_1185,user
user_679,user
user_1219,user
user_1551,user
user_727,user
user_544,user
user_509,user
user_510,user
user_511,user
user_513,user
user_1131,user
user_1494,user
user_1520,user
user_1587,user
user_517,user
user_1579,user
user_1160,user
user_1444,user
user_2076,user
user_523,user
user_1836,user
user_526,user
user_529,user
user_962,user
user_1497,user
user_2081,user
user_2023,user
user_1846,user
user_975,user
user_1028,user
user_812,user
user_556,user
user_557,user
user_1500,user
user_617,user
user_562,user
user_654,user
user_563,user
user_1347,user
user_565,user
user_1712,user
user_570,user
user_1652,user
user_573,user
user_576,user
user_768,user
user_579,user
user_1733,user
user_651,user
user_1944,user
user_585,user
user_586,user
user_2100,user
user_587,user
user_798,user
user_1122,user
user_601,user
user_1976,user
user_1352,user
user_1996,user
user_606,user
user_2047,user
user_707,user
user_1765,user
user_613,user
user_614,user
user_1578,user
user_618,user
user_1650,user
user_2045,user
user_705,user
user_1894,user
user_623,user
user_1239,user
user_624,user
user_1502,user
user_1933,user
user_625,user
user_628,user
user_968,user
user_1438,user
user_633,user
user_1349,user
user_641,user
user_1864,user
user_644,user
user_1016,user
user_1703,user
user_652,user
user_869,user
user_1506,user
user_1934,user
user_2095,user
user_1949,user
user_663,user
user_672,user
user_1158,user
user_1430,user
user_1783,user
user_976,user
user_1941,user
user_2017,user
user_681,user
user_1376,user
user_2091,user
user_700,user
user_820,user
user_693,user
user_1223,user
user_694,user
user_698,user
user_1262,user
user_1854,user
user_2060,user
user_860,user
user_1044,user
user_1228,user
user_1309,user
user_1313,user
user_719,user
user_710,user
user_821,user
user_1340,user
user_1868,user
user_720,user
user_721,user
user_1470,user
user_1634,user
user_958,user
user_1242,user
user_1847,user
user_807,user
user_1817,user
user_1238,user
user_728,user
user_1280,user
user_1997,user
user_733,user
user_734,user
user_735,user
user_737,user
user_741,user
user_818,user
user_1425,user
user_744,user
user_746,user
user_839,user
user_1946,user
user_792,user
user_1930,user
user_1205,user
user_756,user
user_1583,user
user_1696,user
user_1229,user
user_1637,user
user_1923,user
user_764,user
user_765,user
user_977,user
user_773,user
user_1030,user
user_1322,user
user_1442,user
user_1215,user
user_1279,user
user_1710,user
user_784,user
user_1620,user
user_786,user
user_787,user
user_1390,user
user_1191,user
user_791,user
user_801,user
user_810,user
user_1948,user
user_2057,user
user_813,user
user_1085,user
user_1861,user
user_1871,user
user_1330,user
user_2035,user
user_1990,user
user_824,user
user_829,user
user_2052,user
user_834,user
user_1867,user
user_838,user
user_1951,user
user_846,user
user_1853,user
user_885,user
user_856,user
user_1190,user
user_1705,user
user_881,user
user_887,user
user_2015,user
user_1449,user
user_893,user
user_897,user
user_929,user
user_1111,user
user_1323,user
user_900,user
user_916,user
user_919,user
user_1335,user
user_1090,user
user_1207,user
user_1644,user
user_1629,user
user_967,user
user_1911,user
user_1036,user
user_1711,user
user_948,user
user_953,user
user_1073,user
user_1570,user
user_1439,user
user_1700,user
user_1212,user
user_980,user
user_981,user
user_989,user
user_990,user
user_991,user
user_993,user
user_1751,user
user_1807,user
user_994,user
user_996,user
user_997,user
user_1414,user
user_1504,user
user_1063,user
user_1123,user
user_1009,user
user_1012,user
user_1015,user
user_1896,user
user_1019,user
user_1037,user
user_1224,user
user_1265,user
user_1689,user
user_1047,user
user_1276,user
user_1050,user
user_1922,user
user_1061,user
user_1875,user
user_1928,user
user_1068,user
user_1908,user
user_1685,user
user_1074,user
user_1256,user
user_1082,user
user_1083,user
user_1134,user
user_1286,user
user_1547,user
user_1151,user
user_1731,user
user_1746,user
user_1815,user
user_1108,user
user_1110,user
user_1321,user
user_1594,user
user_1119,user
user_1121,user
user_1546,user
user_1915,user
user_1139,user
user_1140,user
user_1544,user
user_1899,user
user_1217,user
user_1432,user
user_1254,user
user_1686,user
user_1270,user
user_1176,user
user_1816,user
user_1182,user
user_1187,user
user_1863,user
user_1472,user
user_1193,user
user_1755,user
user_1195,user
user_1962,user
user_1200,user
user_1860,user
user_1643,user
user_1492,user
user_1814,user
user_1955,user
user_1216,user
user_1630,user
user_1822,user
user_1235,user
user_1421,user
user_1904,user
user_1245,user
user_1622,user
user_2005,user
user_2030,user
user_1538,user
user_1669,user
user_2007,user
user_1902,user
user_1295,user
user_2013,user
user_2092,user
user_2034,user
user_1325,user
user_1329,user
user_1485,user
user_1333,user
user_1336,user
user_1676,user
user_1680,user
user_1754,user
user_2075,user
user_1558,user
user_1355,user
user_1426,user
user_1360,user
user_1371,user
user_1982,user
user_1947,user
user_1857,user
user_1378,user
user_1764,user
user_1384,user
user_1387,user
user_1398,user
user_1406,user
user_1729,user
user_1848,user
user_1787,user
user_1422,user
user_1952,user
user_1441,user
user_2040,user
user_1461,user
user_1770,user
user_1493,user
user_2099,user
user_1565,user
user_1513,user
user_1518,user
user_1592,user
user_1537,user
user_2022,user
user_1580,user
user_1718,user
user_1596,user
user_1842,user
user_1624,user
user_2043,user
user_2094,user
user_1639,user
user_1654,user
user_1657,user
user_1747,user
user_1802,user
user_1672,user
user_1675,user
user_1693,user
user_1926,user
user_2086,user
user_2096,user
user_1855,user
user_1980,user
user_1839,user
user_2079,user
user_1874,user
user_1912,user
